Week,variant,weighted_avg,total_population,hex_code
2024-01-02,BA.2,0.0004783504623707,10395879,#9CCD67
2024-01-02,BA.2.12.1,4.691301543621276e-05,10395879,#7CB342
2024-01-02,BA.2.86,0.0165093502600251,10395879,#D770EE
2024-01-02,EG.5,0.0291607081527055,10395879,#FFBE7D
2024-01-02,EG.5.1.8,0.0376425230773193,10395879,#E14D6F
2024-01-02,EG.6.1,6.443982169473115e-05,10395879,#B9ABA8
2024-01-02,FE.1.1,0.0001985638475726,10395879,#499894
2024-01-02,FL.1.5.1,0.0031812958228467,10395879,#8CD17D
2024-01-02,GE.1,0.0,10395879,#FABFD2
2024-01-02,GK.1.1,0.0004111028473494,10395879,#90FAE5
2024-01-02,HF.1,0.0002932235015817,10395879,#D399AD
2024-01-02,HK.3,0.0008341906880601,10395879,#859DBC
2024-01-02,HV.1,0.1313428972605721,10395879,#797765
2024-01-02,JD.1.1,0.007562447146361,10395879,#80F192
2024-01-02,JF.1,0.002265675282219,10395879,#FFF1A9
2024-01-02,JG.3,0.0128820425846174,10395879,#66A172
2024-01-02,JN.1,0.6295697371441072,10395879,#61018F
2024-01-02,JN.1.11.1,0.0,10395879,#5C9CF1
2024-01-02,JN.1.13,0.0,10395879,#E83C78
2024-01-02,JN.1.13.1,0.0,10395879,#F2591C
2024-01-02,JN.1.16,0.0043901209467886,10395879,#BC3A88
2024-01-02,JN.1.16.1,0.0,10395879,#366298
2024-01-02,JN.1.18,0.0,10395879,#4AF32F
2024-01-02,JN.1.32,0.0,10395879,#2E7919
2024-01-02,JN.1.4.3,0.0,10395879,#9D1010
2024-01-02,JN.1.7,0.0,10395879,#CF15E8
2024-01-02,JN.1.8.1,0.0,10395879,#FFB027
2024-01-02,KP.1.1,0.0,10395879,#CBFF86
2024-01-02,KP.1.1.3,0.0,10395879,#1EB3B6
2024-01-02,KP.1.2,0.0,10395879,#D7B5A6
2024-01-02,KP.2,0.0,10395879,#5875A1
2024-01-02,KP.2.15,0.0,10395879,#175DFF
2024-01-02,KP.2.3,0.0,10395879,#628DE8
2024-01-02,KP.3,0.0,10395879,#B06589
2024-01-02,KP.3.1.1,0.0,10395879,#2F92A1
2024-01-02,KP.4.1,0.0,10395879,#FF473A
2024-01-02,KQ.1,0.0,10395879,#E86CDE
2024-01-02,KV.2,0.0,10395879,#E14365
2024-01-02,KW.1.1,0.0,10395879,#34A0FF
2024-01-02,LB.1,0.0,10395879,#795653
2024-01-02,Recombinant,0.0427560726304442,10395879,#FF0000
2024-01-02,XBB,0.0076049455155653,10395879,#9FA8DA
2024-01-02,XBB.1.16,0.0037934136335205,10395879,#4527A0
2024-01-02,XBB.1.16.1,4.964657799499205e-05,10395879,#F89B9B
2024-01-02,XBB.1.16.15,1.8306605992624577e-05,10395879,#E3B5FA
2024-01-02,XBB.1.16.6,0.0004938465913849,10395879,#5AA350
2024-01-02,XBB.1.42.1,0.0007861538934802,10395879,#75D1A3
2024-01-02,XBB.1.5,0.0107382540774729,10395879,#3F51B5
2024-01-02,XBB.1.5.70,7.553829681934544e-05,10395879,#46783C
2024-01-02,XBB.1.5.72,2.54493157259718e-05,10395879,#254220
2024-01-02,XBB.1.9.1,0.0193830058410784,10395879,#304FFE
2024-01-02,XBB.1.9.2,0.0032378569159919,10395879,#536DFE
2024-01-02,XBB.2.3,0.0002755069158654,10395879,#F7BCDF
2024-01-02,XDP,0.0008900044482053,10395879,#B60052
2024-01-02,XDV.1,0.0,10395879,#D367B6
2024-01-02,unreportable,0.033797579443338,10395879,#eeeeee
2024-01-09,BA.2,0.0,1590780,#9CCD67
2024-01-09,BA.2.12.1,0.0,1590780,#7CB342
2024-01-09,BA.2.86,0.049532188770471,1590780,#D770EE
2024-01-09,EG.5,0.1059252694732584,1590780,#FFBE7D
2024-01-09,EG.5.1.8,0.0,1590780,#E14D6F
2024-01-09,EG.6.1,0.0,1590780,#B9ABA8
2024-01-09,FE.1.1,0.0,1590780,#499894
2024-01-09,FL.1.5.1,0.0,1590780,#8CD17D
2024-01-09,GE.1,0.0,1590780,#FABFD2
2024-01-09,GK.1.1,0.0,1590780,#90FAE5
2024-01-09,HF.1,0.0,1590780,#D399AD
2024-01-09,HK.3,0.0026504732248331,1590780,#859DBC
2024-01-09,HV.1,0.0,1590780,#797765
2024-01-09,JD.1.1,0.0,1590780,#80F192
2024-01-09,JF.1,0.0,1590780,#FFF1A9
2024-01-09,JG.3,0.0,1590780,#66A172
2024-01-09,JN.1,0.4586423067262852,1590780,#61018F
2024-01-09,JN.1.11.1,0.0,1590780,#5C9CF1
2024-01-09,JN.1.13,0.1803204529119866,1590780,#E83C78
2024-01-09,JN.1.13.1,0.0,1590780,#F2591C
2024-01-09,JN.1.16,0.0,1590780,#BC3A88
2024-01-09,JN.1.16.1,0.0269625740822049,1590780,#366298
2024-01-09,JN.1.18,0.1049797376976389,1590780,#4AF32F
2024-01-09,JN.1.32,0.0,1590780,#2E7919
2024-01-09,JN.1.4.3,0.0,1590780,#9D1010
2024-01-09,JN.1.7,0.00664548606097,1590780,#CF15E8
2024-01-09,JN.1.8.1,0.0,1590780,#FFB027
2024-01-09,KP.1.1,0.0,1590780,#CBFF86
2024-01-09,KP.1.1.3,0.0,1590780,#1EB3B6
2024-01-09,KP.1.2,0.0,1590780,#D7B5A6
2024-01-09,KP.2,0.0,1590780,#5875A1
2024-01-09,KP.2.15,0.0,1590780,#175DFF
2024-01-09,KP.2.3,0.0,1590780,#628DE8
2024-01-09,KP.3,0.0,1590780,#B06589
2024-01-09,KP.3.1.1,0.0,1590780,#2F92A1
2024-01-09,KP.4.1,0.0,1590780,#FF473A
2024-01-09,KQ.1,0.0,1590780,#E86CDE
2024-01-09,KV.2,0.0,1590780,#E14365
2024-01-09,KW.1.1,0.0,1590780,#34A0FF
2024-01-09,LB.1,0.0,1590780,#795653
2024-01-09,Recombinant,0.0412090512659261,1590780,#FF0000
2024-01-09,XBB,0.0,1590780,#9FA8DA
2024-01-09,XBB.1.16,0.0,1590780,#4527A0
2024-01-09,XBB.1.16.1,0.0,1590780,#F89B9B
2024-01-09,XBB.1.16.15,0.0,1590780,#E3B5FA
2024-01-09,XBB.1.16.6,0.0,1590780,#5AA350
2024-01-09,XBB.1.42.1,0.0,1590780,#75D1A3
2024-01-09,XBB.1.5,0.0003579687278693,1590780,#3F51B5
2024-01-09,XBB.1.5.70,0.0,1590780,#46783C
2024-01-09,XBB.1.5.72,0.0,1590780,#254220
2024-01-09,XBB.1.9.1,0.0013899285765473,1590780,#304FFE
2024-01-09,XBB.1.9.2,0.0,1590780,#536DFE
2024-01-09,XBB.2.3,0.0,1590780,#F7BCDF
2024-01-09,XDP,0.0,1590780,#B60052
2024-01-09,XDV.1,0.0,1590780,#D367B6
2024-01-09,unreportable,0.0230834005970278,1590780,#eeeeee
2024-01-16,BA.2,0.0,1590780,#9CCD67
2024-01-16,BA.2.12.1,0.0,1590780,#7CB342
2024-01-16,BA.2.86,0.0148479523606061,1590780,#D770EE
2024-01-16,EG.5,0.047797914512937,1590780,#FFBE7D
2024-01-16,EG.5.1.8,0.0132074069104495,1590780,#E14D6F
2024-01-16,EG.6.1,0.0,1590780,#B9ABA8
2024-01-16,FE.1.1,0.0,1590780,#499894
2024-01-16,FL.1.5.1,0.0,1590780,#8CD17D
2024-01-16,GE.1,0.0,1590780,#FABFD2
2024-01-16,GK.1.1,0.0,1590780,#90FAE5
2024-01-16,HF.1,0.0,1590780,#D399AD
2024-01-16,HK.3,0.0475251160226681,1590780,#859DBC
2024-01-16,HV.1,0.0184287203449062,1590780,#797765
2024-01-16,JD.1.1,0.0,1590780,#80F192
2024-01-16,JF.1,0.0,1590780,#FFF1A9
2024-01-16,JG.3,0.0,1590780,#66A172
2024-01-16,JN.1,0.8148174603801813,1590780,#61018F
2024-01-16,JN.1.11.1,0.0,1590780,#5C9CF1
2024-01-16,JN.1.13,0.0,1590780,#E83C78
2024-01-16,JN.1.13.1,0.0,1590780,#F2591C
2024-01-16,JN.1.16,0.0244923462170821,1590780,#BC3A88
2024-01-16,JN.1.16.1,0.0009105042032022,1590780,#366298
2024-01-16,JN.1.18,0.0011205847773545,1590780,#4AF32F
2024-01-16,JN.1.32,0.0,1590780,#2E7919
2024-01-16,JN.1.4.3,0.0,1590780,#9D1010
2024-01-16,JN.1.7,0.0,1590780,#CF15E8
2024-01-16,JN.1.8.1,0.0,1590780,#FFB027
2024-01-16,KP.1.1,0.0,1590780,#CBFF86
2024-01-16,KP.1.1.3,0.0,1590780,#1EB3B6
2024-01-16,KP.1.2,0.0,1590780,#D7B5A6
2024-01-16,KP.2,0.0,1590780,#5875A1
2024-01-16,KP.2.15,0.0,1590780,#175DFF
2024-01-16,KP.2.3,0.0,1590780,#628DE8
2024-01-16,KP.3,0.0,1590780,#B06589
2024-01-16,KP.3.1.1,0.0,1590780,#2F92A1
2024-01-16,KP.4.1,0.0,1590780,#FF473A
2024-01-16,KQ.1,0.0,1590780,#E86CDE
2024-01-16,KV.2,0.0004998460568871,1590780,#E14365
2024-01-16,KW.1.1,0.0,1590780,#34A0FF
2024-01-16,LB.1,0.0,1590780,#795653
2024-01-16,Recombinant,0.0015925423393241,1590780,#FF0000
2024-01-16,XBB,0.0069008374037076,1590780,#9FA8DA
2024-01-16,XBB.1.16,0.0,1590780,#4527A0
2024-01-16,XBB.1.16.1,0.0,1590780,#F89B9B
2024-01-16,XBB.1.16.15,0.0,1590780,#E3B5FA
2024-01-16,XBB.1.16.6,0.0,1590780,#5AA350
2024-01-16,XBB.1.42.1,0.0,1590780,#75D1A3
2024-01-16,XBB.1.5,0.002792324279957,1590780,#3F51B5
2024-01-16,XBB.1.5.70,0.0,1590780,#46783C
2024-01-16,XBB.1.5.72,0.0,1590780,#254220
2024-01-16,XBB.1.9.1,0.0015597674490721,1590780,#304FFE
2024-01-16,XBB.1.9.2,0.0028382451699166,1590780,#536DFE
2024-01-16,XBB.2.3,0.0,1590780,#F7BCDF
2024-01-16,XDP,0.0,1590780,#B60052
2024-01-16,XDV.1,0.0,1590780,#D367B6
2024-01-16,unreportable,0.0481935637147531,1590780,#eeeeee
2024-01-23,BA.2,0.0,1590780,#9CCD67
2024-01-23,BA.2.12.1,0.0,1590780,#7CB342
2024-01-23,BA.2.86,0.0080248477965243,1590780,#D770EE
2024-01-23,EG.5,0.0800053415640629,1590780,#FFBE7D
2024-01-23,EG.5.1.8,0.0,1590780,#E14D6F
2024-01-23,EG.6.1,0.0,1590780,#B9ABA8
2024-01-23,FE.1.1,0.0,1590780,#499894
2024-01-23,FL.1.5.1,0.0,1590780,#8CD17D
2024-01-23,GE.1,0.0,1590780,#FABFD2
2024-01-23,GK.1.1,0.0,1590780,#90FAE5
2024-01-23,HF.1,0.0,1590780,#D399AD
2024-01-23,HK.3,0.0803502164445555,1590780,#859DBC
2024-01-23,HV.1,0.0,1590780,#797765
2024-01-23,JD.1.1,0.0,1590780,#80F192
2024-01-23,JF.1,0.0,1590780,#FFF1A9
2024-01-23,JG.3,0.0,1590780,#66A172
2024-01-23,JN.1,0.752901173067599,1590780,#61018F
2024-01-23,JN.1.11.1,0.0,1590780,#5C9CF1
2024-01-23,JN.1.13,0.0,1590780,#E83C78
2024-01-23,JN.1.13.1,0.0,1590780,#F2591C
2024-01-23,JN.1.16,0.0003184155655527,1590780,#BC3A88
2024-01-23,JN.1.16.1,0.0011926395071285,1590780,#366298
2024-01-23,JN.1.18,0.0024637798497058,1590780,#4AF32F
2024-01-23,JN.1.32,0.0094554792760721,1590780,#2E7919
2024-01-23,JN.1.4.3,0.0096368166554991,1590780,#9D1010
2024-01-23,JN.1.7,0.0,1590780,#CF15E8
2024-01-23,JN.1.8.1,0.0653451664765303,1590780,#FFB027
2024-01-23,KP.1.1,0.0,1590780,#CBFF86
2024-01-23,KP.1.1.3,0.0,1590780,#1EB3B6
2024-01-23,KP.1.2,0.0,1590780,#D7B5A6
2024-01-23,KP.2,0.0,1590780,#5875A1
2024-01-23,KP.2.15,0.0,1590780,#175DFF
2024-01-23,KP.2.3,0.0,1590780,#628DE8
2024-01-23,KP.3,0.0,1590780,#B06589
2024-01-23,KP.3.1.1,0.0,1590780,#2F92A1
2024-01-23,KP.4.1,0.0,1590780,#FF473A
2024-01-23,KQ.1,0.0,1590780,#E86CDE
2024-01-23,KV.2,0.0003082974049522,1590780,#E14365
2024-01-23,KW.1.1,0.0,1590780,#34A0FF
2024-01-23,LB.1,0.0,1590780,#795653
2024-01-23,Recombinant,0.0061679224635744,1590780,#FF0000
2024-01-23,XBB,0.0,1590780,#9FA8DA
2024-01-23,XBB.1.16,0.0,1590780,#4527A0
2024-01-23,XBB.1.16.1,0.0,1590780,#F89B9B
2024-01-23,XBB.1.16.15,0.0,1590780,#E3B5FA
2024-01-23,XBB.1.16.6,0.0,1590780,#5AA350
2024-01-23,XBB.1.42.1,0.0,1590780,#75D1A3
2024-01-23,XBB.1.5,0.0,1590780,#3F51B5
2024-01-23,XBB.1.5.70,0.0,1590780,#46783C
2024-01-23,XBB.1.5.72,0.0,1590780,#254220
2024-01-23,XBB.1.9.1,0.004392155940878,1590780,#304FFE
2024-01-23,XBB.1.9.2,0.0005530826314638,1590780,#536DFE
2024-01-23,XBB.2.3,0.0,1590780,#F7BCDF
2024-01-23,XDP,0.0295125503561554,1590780,#B60052
2024-01-23,XDV.1,0.0,1590780,#D367B6
2024-01-23,unreportable,0.0287939374954833,1590780,#eeeeee
2024-01-30,BA.2,0.0,9324549,#9CCD67
2024-01-30,BA.2.12.1,0.0,9324549,#7CB342
2024-01-30,BA.2.86,0.0148670278002571,9324549,#D770EE
2024-01-30,EG.5,0.0001672088579361,9324549,#FFBE7D
2024-01-30,EG.5.1.8,0.0003654632420291,9324549,#E14D6F
2024-01-30,EG.6.1,0.0,9324549,#B9ABA8
2024-01-30,FE.1.1,0.0,9324549,#499894
2024-01-30,FL.1.5.1,0.0,9324549,#8CD17D
2024-01-30,GE.1,0.0,9324549,#FABFD2
2024-01-30,GK.1.1,0.0,9324549,#90FAE5
2024-01-30,HF.1,0.0,9324549,#D399AD
2024-01-30,HK.3,9.250700798719596e-05,9324549,#859DBC
2024-01-30,HV.1,0.0017643267106216,9324549,#797765
2024-01-30,JD.1.1,0.0,9324549,#80F192
2024-01-30,JF.1,0.0,9324549,#FFF1A9
2024-01-30,JG.3,0.0004187613112119,9324549,#66A172
2024-01-30,JN.1,0.8869418760810088,9324549,#61018F
2024-01-30,JN.1.11.1,0.000332475883003,9324549,#5C9CF1
2024-01-30,JN.1.13,0.0,9324549,#E83C78
2024-01-30,JN.1.13.1,0.0,9324549,#F2591C
2024-01-30,JN.1.16,0.0039293832300087,9324549,#BC3A88
2024-01-30,JN.1.16.1,0.000137483112328,9324549,#366298
2024-01-30,JN.1.18,0.0122525475640623,9324549,#4AF32F
2024-01-30,JN.1.32,0.0,9324549,#2E7919
2024-01-30,JN.1.4.3,0.0,9324549,#9D1010
2024-01-30,JN.1.7,0.0073142312728486,9324549,#CF15E8
2024-01-30,JN.1.8.1,0.0213233970709039,9324549,#FFB027
2024-01-30,KP.1.1,0.0,9324549,#CBFF86
2024-01-30,KP.1.1.3,0.0,9324549,#1EB3B6
2024-01-30,KP.1.2,0.0,9324549,#D7B5A6
2024-01-30,KP.2,0.0,9324549,#5875A1
2024-01-30,KP.2.15,0.0,9324549,#175DFF
2024-01-30,KP.2.3,0.0,9324549,#628DE8
2024-01-30,KP.3,0.0,9324549,#B06589
2024-01-30,KP.3.1.1,0.0,9324549,#2F92A1
2024-01-30,KP.4.1,0.0,9324549,#FF473A
2024-01-30,KQ.1,0.0,9324549,#E86CDE
2024-01-30,KV.2,0.0,9324549,#E14365
2024-01-30,KW.1.1,0.0,9324549,#34A0FF
2024-01-30,LB.1,7.135679150809332e-05,9324549,#795653
2024-01-30,Recombinant,0.023215468501654,9324549,#FF0000
2024-01-30,XBB,0.0015564887639037,9324549,#9FA8DA
2024-01-30,XBB.1.16,0.0,9324549,#4527A0
2024-01-30,XBB.1.16.1,0.0,9324549,#F89B9B
2024-01-30,XBB.1.16.15,0.0,9324549,#E3B5FA
2024-01-30,XBB.1.16.6,0.0,9324549,#5AA350
2024-01-30,XBB.1.42.1,0.0001201064605526,9324549,#75D1A3
2024-01-30,XBB.1.5,0.0003317992441049,9324549,#3F51B5
2024-01-30,XBB.1.5.70,0.0,9324549,#46783C
2024-01-30,XBB.1.5.72,0.0,9324549,#254220
2024-01-30,XBB.1.9.1,0.0007821552468553,9324549,#304FFE
2024-01-30,XBB.1.9.2,0.0005058157511757,9324549,#536DFE
2024-01-30,XBB.2.3,0.0,9324549,#F7BCDF
2024-01-30,XDP,0.0092676802694586,9324549,#B60052
2024-01-30,XDV.1,0.0,9324549,#D367B6
2024-01-30,unreportable,0.0142424377299057,9324549,#eeeeee
2024-02-06,BA.2,0.0,9982705,#9CCD67
2024-02-06,BA.2.12.1,0.0,9982705,#7CB342
2024-02-06,BA.2.86,0.0325063588294916,9982705,#D770EE
2024-02-06,EG.5,0.00025237352417,9982705,#FFBE7D
2024-02-06,EG.5.1.8,0.0,9982705,#E14D6F
2024-02-06,EG.6.1,0.0,9982705,#B9ABA8
2024-02-06,FE.1.1,6.656989134708478e-05,9982705,#499894
2024-02-06,FL.1.5.1,0.0,9982705,#8CD17D
2024-02-06,GE.1,0.0,9982705,#FABFD2
2024-02-06,GK.1.1,0.0,9982705,#90FAE5
2024-02-06,HF.1,0.0,9982705,#D399AD
2024-02-06,HK.3,0.0,9982705,#859DBC
2024-02-06,HV.1,0.0086333787296709,9982705,#797765
2024-02-06,JD.1.1,0.0,9982705,#80F192
2024-02-06,JF.1,0.0,9982705,#FFF1A9
2024-02-06,JG.3,0.0,9982705,#66A172
2024-02-06,JN.1,0.8087018012330857,9982705,#61018F
2024-02-06,JN.1.11.1,0.0002605403584599,9982705,#5C9CF1
2024-02-06,JN.1.13,0.0,9982705,#E83C78
2024-02-06,JN.1.13.1,0.0,9982705,#F2591C
2024-02-06,JN.1.16,0.006643620101213,9982705,#BC3A88
2024-02-06,JN.1.16.1,0.0008958528204549,9982705,#366298
2024-02-06,JN.1.18,0.0178346127574409,9982705,#4AF32F
2024-02-06,JN.1.32,0.0,9982705,#2E7919
2024-02-06,JN.1.4.3,0.0013202953723594,9982705,#9D1010
2024-02-06,JN.1.7,0.0467588392367229,9982705,#CF15E8
2024-02-06,JN.1.8.1,0.0288496403999587,9982705,#FFB027
2024-02-06,KP.1.1,0.0,9982705,#CBFF86
2024-02-06,KP.1.1.3,0.0,9982705,#1EB3B6
2024-02-06,KP.1.2,0.0,9982705,#D7B5A6
2024-02-06,KP.2,0.0,9982705,#5875A1
2024-02-06,KP.2.15,0.0,9982705,#175DFF
2024-02-06,KP.2.3,0.0,9982705,#628DE8
2024-02-06,KP.3,0.0,9982705,#B06589
2024-02-06,KP.3.1.1,0.0,9982705,#2F92A1
2024-02-06,KP.4.1,0.0,9982705,#FF473A
2024-02-06,KQ.1,0.0,9982705,#E86CDE
2024-02-06,KV.2,6.120527694197114e-05,9982705,#E14365
2024-02-06,KW.1.1,0.0,9982705,#34A0FF
2024-02-06,LB.1,0.0,9982705,#795653
2024-02-06,Recombinant,0.0080026874583732,9982705,#FF0000
2024-02-06,XBB,0.0001579543466845,9982705,#9FA8DA
2024-02-06,XBB.1.16,0.0,9982705,#4527A0
2024-02-06,XBB.1.16.1,0.0,9982705,#F89B9B
2024-02-06,XBB.1.16.15,0.0,9982705,#E3B5FA
2024-02-06,XBB.1.16.6,0.0,9982705,#5AA350
2024-02-06,XBB.1.42.1,0.0,9982705,#75D1A3
2024-02-06,XBB.1.5,0.0003310033835358,9982705,#3F51B5
2024-02-06,XBB.1.5.70,0.0,9982705,#46783C
2024-02-06,XBB.1.5.72,0.0,9982705,#254220
2024-02-06,XBB.1.9.1,0.0037486729705104,9982705,#304FFE
2024-02-06,XBB.1.9.2,0.0002784379010699,9982705,#536DFE
2024-02-06,XBB.2.3,2.872080863854035e-05,9982705,#F7BCDF
2024-02-06,XDP,0.0209602128993794,9982705,#B60052
2024-02-06,XDV.1,0.0,9982705,#D367B6
2024-02-06,unreportable,0.013707223196014,9982705,#eeeeee
2024-02-13,BA.2,0.0,10536937,#9CCD67
2024-02-13,BA.2.12.1,0.0,10536937,#7CB342
2024-02-13,BA.2.86,0.0005464332451717,10536937,#D770EE
2024-02-13,EG.5,0.0002218214979362,10536937,#FFBE7D
2024-02-13,EG.5.1.8,0.0002566124449828,10536937,#E14D6F
2024-02-13,EG.6.1,0.0,10536937,#B9ABA8
2024-02-13,FE.1.1,0.0,10536937,#499894
2024-02-13,FL.1.5.1,0.0,10536937,#8CD17D
2024-02-13,GE.1,0.0,10536937,#FABFD2
2024-02-13,GK.1.1,0.0,10536937,#90FAE5
2024-02-13,HF.1,0.0,10536937,#D399AD
2024-02-13,HK.3,0.0,10536937,#859DBC
2024-02-13,HV.1,0.0,10536937,#797765
2024-02-13,JD.1.1,0.0,10536937,#80F192
2024-02-13,JF.1,0.0,10536937,#FFF1A9
2024-02-13,JG.3,0.0002726708815474,10536937,#66A172
2024-02-13,JN.1,0.8156208021319563,10536937,#61018F
2024-02-13,JN.1.11.1,0.0006012710261957,10536937,#5C9CF1
2024-02-13,JN.1.13,0.0,10536937,#E83C78
2024-02-13,JN.1.13.1,0.0,10536937,#F2591C
2024-02-13,JN.1.16,0.0141473889441514,10536937,#BC3A88
2024-02-13,JN.1.16.1,0.0,10536937,#366298
2024-02-13,JN.1.18,0.0259364806417244,10536937,#4AF32F
2024-02-13,JN.1.32,0.0,10536937,#2E7919
2024-02-13,JN.1.4.3,0.0457905891122116,10536937,#9D1010
2024-02-13,JN.1.7,0.0503407816601532,10536937,#CF15E8
2024-02-13,JN.1.8.1,0.014756836841361,10536937,#FFB027
2024-02-13,KP.1.1,0.0,10536937,#CBFF86
2024-02-13,KP.1.1.3,0.0,10536937,#1EB3B6
2024-02-13,KP.1.2,0.0,10536937,#D7B5A6
2024-02-13,KP.2,0.0,10536937,#5875A1
2024-02-13,KP.2.15,0.0,10536937,#175DFF
2024-02-13,KP.2.3,0.0,10536937,#628DE8
2024-02-13,KP.3,0.0,10536937,#B06589
2024-02-13,KP.3.1.1,0.0,10536937,#2F92A1
2024-02-13,KP.4.1,0.0,10536937,#FF473A
2024-02-13,KQ.1,0.0,10536937,#E86CDE
2024-02-13,KV.2,3.600784980872525e-05,10536937,#E14365
2024-02-13,KW.1.1,0.0,10536937,#34A0FF
2024-02-13,LB.1,0.0,10536937,#795653
2024-02-13,Recombinant,0.004180821818834,10536937,#FF0000
2024-02-13,XBB,0.0001146017685784,10536937,#9FA8DA
2024-02-13,XBB.1.16,0.0,10536937,#4527A0
2024-02-13,XBB.1.16.1,0.0,10536937,#F89B9B
2024-02-13,XBB.1.16.15,0.0,10536937,#E3B5FA
2024-02-13,XBB.1.16.6,9.384951364898546e-06,10536937,#5AA350
2024-02-13,XBB.1.42.1,0.0,10536937,#75D1A3
2024-02-13,XBB.1.5,0.0,10536937,#3F51B5
2024-02-13,XBB.1.5.70,0.0,10536937,#46783C
2024-02-13,XBB.1.5.72,0.0,10536937,#254220
2024-02-13,XBB.1.9.1,0.0006396165119142,10536937,#304FFE
2024-02-13,XBB.1.9.2,0.0006935625598786,10536937,#536DFE
2024-02-13,XBB.2.3,0.0,10536937,#F7BCDF
2024-02-13,XDP,0.0152460036634346,10536937,#B60052
2024-02-13,XDV.1,0.0,10536937,#D367B6
2024-02-13,unreportable,0.0105883165397078,10536937,#eeeeee
2024-02-20,BA.2,0.0,11250787,#9CCD67
2024-02-20,BA.2.12.1,0.0,11250787,#7CB342
2024-02-20,BA.2.86,0.0027464772090272,11250787,#D770EE
2024-02-20,EG.5,0.0,11250787,#FFBE7D
2024-02-20,EG.5.1.8,0.0,11250787,#E14D6F
2024-02-20,EG.6.1,0.0,11250787,#B9ABA8
2024-02-20,FE.1.1,0.0,11250787,#499894
2024-02-20,FL.1.5.1,0.0,11250787,#8CD17D
2024-02-20,GE.1,0.0,11250787,#FABFD2
2024-02-20,GK.1.1,0.0,11250787,#90FAE5
2024-02-20,HF.1,0.0,11250787,#D399AD
2024-02-20,HK.3,0.0,11250787,#859DBC
2024-02-20,HV.1,0.0064130284150184,11250787,#797765
2024-02-20,JD.1.1,0.0,11250787,#80F192
2024-02-20,JF.1,0.0,11250787,#FFF1A9
2024-02-20,JG.3,0.0,11250787,#66A172
2024-02-20,JN.1,0.5870440420288936,11250787,#61018F
2024-02-20,JN.1.11.1,0.0080899909145289,11250787,#5C9CF1
2024-02-20,JN.1.13,0.0,11250787,#E83C78
2024-02-20,JN.1.13.1,0.0,11250787,#F2591C
2024-02-20,JN.1.16,0.024879863543193,11250787,#BC3A88
2024-02-20,JN.1.16.1,0.0,11250787,#366298
2024-02-20,JN.1.18,0.0388523454903572,11250787,#4AF32F
2024-02-20,JN.1.32,0.0,11250787,#2E7919
2024-02-20,JN.1.4.3,0.1370573617641583,11250787,#9D1010
2024-02-20,JN.1.7,0.0912153419758768,11250787,#CF15E8
2024-02-20,JN.1.8.1,0.0599900065041076,11250787,#FFB027
2024-02-20,KP.1.1,0.0,11250787,#CBFF86
2024-02-20,KP.1.1.3,0.0,11250787,#1EB3B6
2024-02-20,KP.1.2,0.0,11250787,#D7B5A6
2024-02-20,KP.2,0.0,11250787,#5875A1
2024-02-20,KP.2.15,0.0,11250787,#175DFF
2024-02-20,KP.2.3,0.0,11250787,#628DE8
2024-02-20,KP.3,0.0,11250787,#B06589
2024-02-20,KP.3.1.1,0.0,11250787,#2F92A1
2024-02-20,KP.4.1,0.0,11250787,#FF473A
2024-02-20,KQ.1,0.0,11250787,#E86CDE
2024-02-20,KV.2,3.836444735643826e-05,11250787,#E14365
2024-02-20,KW.1.1,0.0,11250787,#34A0FF
2024-02-20,LB.1,0.0,11250787,#795653
2024-02-20,Recombinant,0.0111498623571791,11250787,#FF0000
2024-02-20,XBB,0.0,11250787,#9FA8DA
2024-02-20,XBB.1.16,0.0,11250787,#4527A0
2024-02-20,XBB.1.16.1,0.0,11250787,#F89B9B
2024-02-20,XBB.1.16.15,0.0,11250787,#E3B5FA
2024-02-20,XBB.1.16.6,0.0,11250787,#5AA350
2024-02-20,XBB.1.42.1,0.0,11250787,#75D1A3
2024-02-20,XBB.1.5,0.0,11250787,#3F51B5
2024-02-20,XBB.1.5.70,0.0,11250787,#46783C
2024-02-20,XBB.1.5.72,0.0,11250787,#254220
2024-02-20,XBB.1.9.1,0.0,11250787,#304FFE
2024-02-20,XBB.1.9.2,0.0,11250787,#536DFE
2024-02-20,XBB.2.3,0.0,11250787,#F7BCDF
2024-02-20,XDP,0.0235898260371812,11250787,#B60052
2024-02-20,XDV.1,0.0,11250787,#D367B6
2024-02-20,unreportable,0.0089334927852149,11250787,#eeeeee
2024-02-27,BA.2,0.0,8011254,#9CCD67
2024-02-27,BA.2.12.1,0.0,8011254,#7CB342
2024-02-27,BA.2.86,0.0005522187119919,8011254,#D770EE
2024-02-27,EG.5,0.0,8011254,#FFBE7D
2024-02-27,EG.5.1.8,0.0,8011254,#E14D6F
2024-02-27,EG.6.1,0.0,8011254,#B9ABA8
2024-02-27,FE.1.1,0.0,8011254,#499894
2024-02-27,FL.1.5.1,0.0,8011254,#8CD17D
2024-02-27,GE.1,0.0,8011254,#FABFD2
2024-02-27,GK.1.1,0.0,8011254,#90FAE5
2024-02-27,HF.1,0.0,8011254,#D399AD
2024-02-27,HK.3,0.0,8011254,#859DBC
2024-02-27,HV.1,0.0,8011254,#797765
2024-02-27,JD.1.1,0.0,8011254,#80F192
2024-02-27,JF.1,0.0,8011254,#FFF1A9
2024-02-27,JG.3,0.0,8011254,#66A172
2024-02-27,JN.1,0.6766308236413725,8011254,#61018F
2024-02-27,JN.1.11.1,0.0011600383435077,8011254,#5C9CF1
2024-02-27,JN.1.13,0.0,8011254,#E83C78
2024-02-27,JN.1.13.1,4.144015326439531e-05,8011254,#F2591C
2024-02-27,JN.1.16,0.0219258116471403,8011254,#BC3A88
2024-02-27,JN.1.16.1,0.0,8011254,#366298
2024-02-27,JN.1.18,0.0136251022374524,8011254,#4AF32F
2024-02-27,JN.1.32,0.0,8011254,#2E7919
2024-02-27,JN.1.4.3,0.0970998235193497,8011254,#9D1010
2024-02-27,JN.1.7,0.1517839167930732,8011254,#CF15E8
2024-02-27,JN.1.8.1,0.0100229781976723,8011254,#FFB027
2024-02-27,KP.1.1,7.547784077998275e-05,8011254,#CBFF86
2024-02-27,KP.1.1.3,0.0,8011254,#1EB3B6
2024-02-27,KP.1.2,0.0,8011254,#D7B5A6
2024-02-27,KP.2,0.0,8011254,#5875A1
2024-02-27,KP.2.15,0.0,8011254,#175DFF
2024-02-27,KP.2.3,0.0,8011254,#628DE8
2024-02-27,KP.3,0.0,8011254,#B06589
2024-02-27,KP.3.1.1,0.0,8011254,#2F92A1
2024-02-27,KP.4.1,0.0,8011254,#FF473A
2024-02-27,KQ.1,0.0017211266311116,8011254,#E86CDE
2024-02-27,KV.2,0.0063304000954532,8011254,#E14365
2024-02-27,KW.1.1,0.0,8011254,#34A0FF
2024-02-27,LB.1,0.0,8011254,#795653
2024-02-27,Recombinant,4.020703551778535e-05,8011254,#FF0000
2024-02-27,XBB,0.0,8011254,#9FA8DA
2024-02-27,XBB.1.16,0.0,8011254,#4527A0
2024-02-27,XBB.1.16.1,0.0,8011254,#F89B9B
2024-02-27,XBB.1.16.15,0.0,8011254,#E3B5FA
2024-02-27,XBB.1.16.6,0.0,8011254,#5AA350
2024-02-27,XBB.1.42.1,0.0,8011254,#75D1A3
2024-02-27,XBB.1.5,0.0,8011254,#3F51B5
2024-02-27,XBB.1.5.70,0.0,8011254,#46783C
2024-02-27,XBB.1.5.72,0.0,8011254,#254220
2024-02-27,XBB.1.9.1,0.0,8011254,#304FFE
2024-02-27,XBB.1.9.2,0.0,8011254,#536DFE
2024-02-27,XBB.2.3,0.0,8011254,#F7BCDF
2024-02-27,XDP,0.0101887327188265,8011254,#B60052
2024-02-27,XDV.1,0.0,8011254,#D367B6
2024-02-27,unreportable,0.0088018999176383,8011254,#eeeeee
2024-03-05,BA.2,0.0,9958575,#9CCD67
2024-03-05,BA.2.12.1,0.0,9958575,#7CB342
2024-03-05,BA.2.86,0.0016660983167641,9958575,#D770EE
2024-03-05,EG.5,0.0,9958575,#FFBE7D
2024-03-05,EG.5.1.8,0.0,9958575,#E14D6F
2024-03-05,EG.6.1,0.0,9958575,#B9ABA8
2024-03-05,FE.1.1,0.0,9958575,#499894
2024-03-05,FL.1.5.1,0.0001096409054809,9958575,#8CD17D
2024-03-05,GE.1,0.0,9958575,#FABFD2
2024-03-05,GK.1.1,0.0,9958575,#90FAE5
2024-03-05,HF.1,0.0,9958575,#D399AD
2024-03-05,HK.3,0.0,9958575,#859DBC
2024-03-05,HV.1,0.0,9958575,#797765
2024-03-05,JD.1.1,0.0,9958575,#80F192
2024-03-05,JF.1,0.0,9958575,#FFF1A9
2024-03-05,JG.3,0.0,9958575,#66A172
2024-03-05,JN.1,0.6700801814007515,9958575,#61018F
2024-03-05,JN.1.11.1,0.0002719232867353,9958575,#5C9CF1
2024-03-05,JN.1.13,0.0,9958575,#E83C78
2024-03-05,JN.1.13.1,0.0,9958575,#F2591C
2024-03-05,JN.1.16,0.0791412048545299,9958575,#BC3A88
2024-03-05,JN.1.16.1,0.0,9958575,#366298
2024-03-05,JN.1.18,0.004273548140258,9958575,#4AF32F
2024-03-05,JN.1.32,0.0131237258664537,9958575,#2E7919
2024-03-05,JN.1.4.3,0.0880818219286213,9958575,#9D1010
2024-03-05,JN.1.7,0.0498940225438052,9958575,#CF15E8
2024-03-05,JN.1.8.1,0.0349945357056852,9958575,#FFB027
2024-03-05,KP.1.1,0.0,9958575,#CBFF86
2024-03-05,KP.1.1.3,0.0,9958575,#1EB3B6
2024-03-05,KP.1.2,0.0,9958575,#D7B5A6
2024-03-05,KP.2,0.0,9958575,#5875A1
2024-03-05,KP.2.15,0.0,9958575,#175DFF
2024-03-05,KP.2.3,0.0,9958575,#628DE8
2024-03-05,KP.3,0.0,9958575,#B06589
2024-03-05,KP.3.1.1,0.0,9958575,#2F92A1
2024-03-05,KP.4.1,0.0,9958575,#FF473A
2024-03-05,KQ.1,0.0182711739826661,9958575,#E86CDE
2024-03-05,KV.2,3.930993362805422e-05,9958575,#E14365
2024-03-05,KW.1.1,0.0,9958575,#34A0FF
2024-03-05,LB.1,0.0,9958575,#795653
2024-03-05,Recombinant,0.0273867562602531,9958575,#FF0000
2024-03-05,XBB,0.0,9958575,#9FA8DA
2024-03-05,XBB.1.16,0.0,9958575,#4527A0
2024-03-05,XBB.1.16.1,0.0,9958575,#F89B9B
2024-03-05,XBB.1.16.15,0.0,9958575,#E3B5FA
2024-03-05,XBB.1.16.6,0.0,9958575,#5AA350
2024-03-05,XBB.1.42.1,0.0,9958575,#75D1A3
2024-03-05,XBB.1.5,0.0,9958575,#3F51B5
2024-03-05,XBB.1.5.70,0.0,9958575,#46783C
2024-03-05,XBB.1.5.72,0.0,9958575,#254220
2024-03-05,XBB.1.9.1,0.0,9958575,#304FFE
2024-03-05,XBB.1.9.2,0.0,9958575,#536DFE
2024-03-05,XBB.2.3,0.0,9958575,#F7BCDF
2024-03-05,XDP,0.0033819509238219,9958575,#B60052
2024-03-05,XDV.1,0.0,9958575,#D367B6
2024-03-05,unreportable,0.0092841084297356,9958575,#eeeeee
2024-03-12,BA.2,0.0,8797814,#9CCD67
2024-03-12,BA.2.12.1,0.0,8797814,#7CB342
2024-03-12,BA.2.86,0.0017326331679619,8797814,#D770EE
2024-03-12,EG.5,0.0,8797814,#FFBE7D
2024-03-12,EG.5.1.8,0.0,8797814,#E14D6F
2024-03-12,EG.6.1,0.0,8797814,#B9ABA8
2024-03-12,FE.1.1,0.0,8797814,#499894
2024-03-12,FL.1.5.1,0.0,8797814,#8CD17D
2024-03-12,GE.1,0.0,8797814,#FABFD2
2024-03-12,GK.1.1,0.0,8797814,#90FAE5
2024-03-12,HF.1,0.0,8797814,#D399AD
2024-03-12,HK.3,0.0,8797814,#859DBC
2024-03-12,HV.1,0.0,8797814,#797765
2024-03-12,JD.1.1,0.0,8797814,#80F192
2024-03-12,JF.1,0.0,8797814,#FFF1A9
2024-03-12,JG.3,0.0,8797814,#66A172
2024-03-12,JN.1,0.5600093434107467,8797814,#61018F
2024-03-12,JN.1.11.1,9.871587863075988e-05,8797814,#5C9CF1
2024-03-12,JN.1.13,0.003346526194025,8797814,#E83C78
2024-03-12,JN.1.13.1,0.0001736926671261,8797814,#F2591C
2024-03-12,JN.1.16,0.0266619700927298,8797814,#BC3A88
2024-03-12,JN.1.16.1,0.0,8797814,#366298
2024-03-12,JN.1.18,0.0560211933670648,8797814,#4AF32F
2024-03-12,JN.1.32,0.1922881879756403,8797814,#2E7919
2024-03-12,JN.1.4.3,0.0573553227269376,8797814,#9D1010
2024-03-12,JN.1.7,0.0920099896998225,8797814,#CF15E8
2024-03-12,JN.1.8.1,0.0010635796991968,8797814,#FFB027
2024-03-12,KP.1.1,8.098913515789263e-05,8797814,#CBFF86
2024-03-12,KP.1.1.3,0.0,8797814,#1EB3B6
2024-03-12,KP.1.2,3.0851736619460246e-05,8797814,#D7B5A6
2024-03-12,KP.2,0.0,8797814,#5875A1
2024-03-12,KP.2.15,0.0,8797814,#175DFF
2024-03-12,KP.2.3,0.0,8797814,#628DE8
2024-03-12,KP.3,0.0,8797814,#B06589
2024-03-12,KP.3.1.1,0.0,8797814,#2F92A1
2024-03-12,KP.4.1,0.0,8797814,#FF473A
2024-03-12,KQ.1,0.0013765749499466,8797814,#E86CDE
2024-03-12,KV.2,8.916695196840942e-05,8797814,#E14365
2024-03-12,KW.1.1,0.0,8797814,#34A0FF
2024-03-12,LB.1,0.0,8797814,#795653
2024-03-12,Recombinant,0.0,8797814,#FF0000
2024-03-12,XBB,0.0,8797814,#9FA8DA
2024-03-12,XBB.1.16,0.0,8797814,#4527A0
2024-03-12,XBB.1.16.1,0.0,8797814,#F89B9B
2024-03-12,XBB.1.16.15,0.0,8797814,#E3B5FA
2024-03-12,XBB.1.16.6,0.0,8797814,#5AA350
2024-03-12,XBB.1.42.1,0.0,8797814,#75D1A3
2024-03-12,XBB.1.5,0.0,8797814,#3F51B5
2024-03-12,XBB.1.5.70,0.0,8797814,#46783C
2024-03-12,XBB.1.5.72,0.0,8797814,#254220
2024-03-12,XBB.1.9.1,0.0,8797814,#304FFE
2024-03-12,XBB.1.9.2,0.0,8797814,#536DFE
2024-03-12,XBB.2.3,0.0,8797814,#F7BCDF
2024-03-12,XDP,2.369909519569293e-05,8797814,#B60052
2024-03-12,XDV.1,0.0,8797814,#D367B6
2024-03-12,unreportable,0.0076375615553892,8797814,#eeeeee
2024-03-19,BA.2,0.0,8855546,#9CCD67
2024-03-19,BA.2.12.1,0.0,8855546,#7CB342
2024-03-19,BA.2.86,0.0005404040638036,8855546,#D770EE
2024-03-19,EG.5,0.0,8855546,#FFBE7D
2024-03-19,EG.5.1.8,0.0,8855546,#E14D6F
2024-03-19,EG.6.1,0.0,8855546,#B9ABA8
2024-03-19,FE.1.1,0.0,8855546,#499894
2024-03-19,FL.1.5.1,0.0,8855546,#8CD17D
2024-03-19,GE.1,0.0097408436672679,8855546,#FABFD2
2024-03-19,GK.1.1,0.0,8855546,#90FAE5
2024-03-19,HF.1,0.0,8855546,#D399AD
2024-03-19,HK.3,0.0,8855546,#859DBC
2024-03-19,HV.1,0.0,8855546,#797765
2024-03-19,JD.1.1,0.0,8855546,#80F192
2024-03-19,JF.1,0.0,8855546,#FFF1A9
2024-03-19,JG.3,0.0,8855546,#66A172
2024-03-19,JN.1,0.5309036866542622,8855546,#61018F
2024-03-19,JN.1.11.1,0.0034562049765344,8855546,#5C9CF1
2024-03-19,JN.1.13,0.0,8855546,#E83C78
2024-03-19,JN.1.13.1,0.0004238070458444,8855546,#F2591C
2024-03-19,JN.1.16,0.0827995174533382,8855546,#BC3A88
2024-03-19,JN.1.16.1,0.0386341349912743,8855546,#366298
2024-03-19,JN.1.18,0.0146045524711858,8855546,#4AF32F
2024-03-19,JN.1.32,0.0157447649392482,8855546,#2E7919
2024-03-19,JN.1.4.3,0.0364885002647962,8855546,#9D1010
2024-03-19,JN.1.7,0.2220095578190385,8855546,#CF15E8
2024-03-19,JN.1.8.1,0.002272653950587,8855546,#FFB027
2024-03-19,KP.1.1,0.0003316812395576,8855546,#CBFF86
2024-03-19,KP.1.1.3,0.0,8855546,#1EB3B6
2024-03-19,KP.1.2,0.0001102391647313,8855546,#D7B5A6
2024-03-19,KP.2,0.0,8855546,#5875A1
2024-03-19,KP.2.15,0.0,8855546,#175DFF
2024-03-19,KP.2.3,0.0,8855546,#628DE8
2024-03-19,KP.3,0.0,8855546,#B06589
2024-03-19,KP.3.1.1,0.0,8855546,#2F92A1
2024-03-19,KP.4.1,0.0,8855546,#FF473A
2024-03-19,KQ.1,0.0045772683167587,8855546,#E86CDE
2024-03-19,KV.2,0.0,8855546,#E14365
2024-03-19,KW.1.1,0.0,8855546,#34A0FF
2024-03-19,LB.1,0.0,8855546,#795653
2024-03-19,Recombinant,0.0002895612173297,8855546,#FF0000
2024-03-19,XBB,8.292580492495889e-05,8855546,#9FA8DA
2024-03-19,XBB.1.16,0.0,8855546,#4527A0
2024-03-19,XBB.1.16.1,0.0,8855546,#F89B9B
2024-03-19,XBB.1.16.15,0.0,8855546,#E3B5FA
2024-03-19,XBB.1.16.6,0.0,8855546,#5AA350
2024-03-19,XBB.1.42.1,0.0,8855546,#75D1A3
2024-03-19,XBB.1.5,0.0,8855546,#3F51B5
2024-03-19,XBB.1.5.70,0.0,8855546,#46783C
2024-03-19,XBB.1.5.72,0.0,8855546,#254220
2024-03-19,XBB.1.9.1,0.0,8855546,#304FFE
2024-03-19,XBB.1.9.2,1.6367489480603457e-05,8855546,#536DFE
2024-03-19,XBB.2.3,0.0219537705786068,8855546,#F7BCDF
2024-03-19,XDP,0.0075373658142343,8855546,#B60052
2024-03-19,XDV.1,0.0,8855546,#D367B6
2024-03-19,unreportable,0.0074821917036645,8855546,#eeeeee
2024-03-26,BA.2,0.0,9612002,#9CCD67
2024-03-26,BA.2.12.1,0.0,9612002,#7CB342
2024-03-26,BA.2.86,6.48366247114805e-05,9612002,#D770EE
2024-03-26,EG.5,0.0,9612002,#FFBE7D
2024-03-26,EG.5.1.8,0.0,9612002,#E14D6F
2024-03-26,EG.6.1,0.0,9612002,#B9ABA8
2024-03-26,FE.1.1,0.0,9612002,#499894
2024-03-26,FL.1.5.1,0.0,9612002,#8CD17D
2024-03-26,GE.1,0.0,9612002,#FABFD2
2024-03-26,GK.1.1,0.0,9612002,#90FAE5
2024-03-26,HF.1,0.0,9612002,#D399AD
2024-03-26,HK.3,0.0,9612002,#859DBC
2024-03-26,HV.1,0.0,9612002,#797765
2024-03-26,JD.1.1,0.0,9612002,#80F192
2024-03-26,JF.1,0.0,9612002,#FFF1A9
2024-03-26,JG.3,0.0,9612002,#66A172
2024-03-26,JN.1,0.545326586900781,9612002,#61018F
2024-03-26,JN.1.11.1,0.0007507987231359,9612002,#5C9CF1
2024-03-26,JN.1.13,0.0,9612002,#E83C78
2024-03-26,JN.1.13.1,0.031810389970079,9612002,#F2591C
2024-03-26,JN.1.16,0.0168459558381854,9612002,#BC3A88
2024-03-26,JN.1.16.1,0.0276674102119079,9612002,#366298
2024-03-26,JN.1.18,0.0292148728382963,9612002,#4AF32F
2024-03-26,JN.1.32,0.0242292407640905,9612002,#2E7919
2024-03-26,JN.1.4.3,0.017734479407859,9612002,#9D1010
2024-03-26,JN.1.7,0.2638205724442078,9612002,#CF15E8
2024-03-26,JN.1.8.1,0.0019921532443595,9612002,#FFB027
2024-03-26,KP.1.1,0.0001069288499294,9612002,#CBFF86
2024-03-26,KP.1.1.3,0.0,9612002,#1EB3B6
2024-03-26,KP.1.2,0.0,9612002,#D7B5A6
2024-03-26,KP.2,0.0001299057906948,9612002,#5875A1
2024-03-26,KP.2.15,0.0,9612002,#175DFF
2024-03-26,KP.2.3,0.0,9612002,#628DE8
2024-03-26,KP.3,0.0104409411140384,9612002,#B06589
2024-03-26,KP.3.1.1,0.0,9612002,#2F92A1
2024-03-26,KP.4.1,0.0,9612002,#FF473A
2024-03-26,KQ.1,0.0078822581246695,9612002,#E86CDE
2024-03-26,KV.2,0.0,9612002,#E14365
2024-03-26,KW.1.1,0.0,9612002,#34A0FF
2024-03-26,LB.1,0.0,9612002,#795653
2024-03-26,Recombinant,0.0,9612002,#FF0000
2024-03-26,XBB,0.0,9612002,#9FA8DA
2024-03-26,XBB.1.16,0.0,9612002,#4527A0
2024-03-26,XBB.1.16.1,0.0,9612002,#F89B9B
2024-03-26,XBB.1.16.15,0.0,9612002,#E3B5FA
2024-03-26,XBB.1.16.6,0.0,9612002,#5AA350
2024-03-26,XBB.1.42.1,0.0,9612002,#75D1A3
2024-03-26,XBB.1.5,0.0,9612002,#3F51B5
2024-03-26,XBB.1.5.70,0.0,9612002,#46783C
2024-03-26,XBB.1.5.72,0.0,9612002,#254220
2024-03-26,XBB.1.9.1,0.0,9612002,#304FFE
2024-03-26,XBB.1.9.2,0.0,9612002,#536DFE
2024-03-26,XBB.2.3,0.0,9612002,#F7BCDF
2024-03-26,XDP,0.013021898419928,9612002,#B60052
2024-03-26,XDV.1,0.0,9612002,#D367B6
2024-03-26,unreportable,0.0089607740684167,9612002,#eeeeee
2024-04-02,BA.2,0.0,4736376,#9CCD67
2024-04-02,BA.2.12.1,0.0,4736376,#7CB342
2024-04-02,BA.2.86,0.0,4736376,#D770EE
2024-04-02,EG.5,0.0,4736376,#FFBE7D
2024-04-02,EG.5.1.8,0.0,4736376,#E14D6F
2024-04-02,EG.6.1,0.0,4736376,#B9ABA8
2024-04-02,FE.1.1,0.0,4736376,#499894
2024-04-02,FL.1.5.1,0.0,4736376,#8CD17D
2024-04-02,GE.1,0.0,4736376,#FABFD2
2024-04-02,GK.1.1,0.0,4736376,#90FAE5
2024-04-02,HF.1,0.0,4736376,#D399AD
2024-04-02,HK.3,0.0,4736376,#859DBC
2024-04-02,HV.1,0.0,4736376,#797765
2024-04-02,JD.1.1,0.0,4736376,#80F192
2024-04-02,JF.1,0.0,4736376,#FFF1A9
2024-04-02,JG.3,0.0,4736376,#66A172
2024-04-02,JN.1,0.2344193616473058,4736376,#61018F
2024-04-02,JN.1.11.1,0.0068757002488717,4736376,#5C9CF1
2024-04-02,JN.1.13,0.0109877376549317,4736376,#E83C78
2024-04-02,JN.1.13.1,0.0,4736376,#F2591C
2024-04-02,JN.1.16,0.0325570357073467,4736376,#BC3A88
2024-04-02,JN.1.16.1,0.1269707256116892,4736376,#366298
2024-04-02,JN.1.18,0.0085456678065349,4736376,#4AF32F
2024-04-02,JN.1.32,0.0336004399963062,4736376,#2E7919
2024-04-02,JN.1.4.3,0.0,4736376,#9D1010
2024-04-02,JN.1.7,0.3778650377702847,4736376,#CF15E8
2024-04-02,JN.1.8.1,0.025250443771964,4736376,#FFB027
2024-04-02,KP.1.1,0.0003146713668646,4736376,#CBFF86
2024-04-02,KP.1.1.3,0.0,4736376,#1EB3B6
2024-04-02,KP.1.2,0.0099030539939312,4736376,#D7B5A6
2024-04-02,KP.2,0.0591714558972862,4736376,#5875A1
2024-04-02,KP.2.15,0.0,4736376,#175DFF
2024-04-02,KP.2.3,0.0,4736376,#628DE8
2024-04-02,KP.3,0.0053696342514867,4736376,#B06589
2024-04-02,KP.3.1.1,0.0,4736376,#2F92A1
2024-04-02,KP.4.1,0.01393163006866,4736376,#FF473A
2024-04-02,KQ.1,0.0,4736376,#E86CDE
2024-04-02,KV.2,9.469668233687528e-05,4736376,#E14365
2024-04-02,KW.1.1,0.0,4736376,#34A0FF
2024-04-02,LB.1,0.0,4736376,#795653
2024-04-02,Recombinant,0.0431594135521968,4736376,#FF0000
2024-04-02,XBB,0.0,4736376,#9FA8DA
2024-04-02,XBB.1.16,0.0,4736376,#4527A0
2024-04-02,XBB.1.16.1,0.0,4736376,#F89B9B
2024-04-02,XBB.1.16.15,0.0,4736376,#E3B5FA
2024-04-02,XBB.1.16.6,0.0,4736376,#5AA350
2024-04-02,XBB.1.42.1,0.0,4736376,#75D1A3
2024-04-02,XBB.1.5,0.0,4736376,#3F51B5
2024-04-02,XBB.1.5.70,0.0,4736376,#46783C
2024-04-02,XBB.1.5.72,0.0,4736376,#254220
2024-04-02,XBB.1.9.1,0.0,4736376,#304FFE
2024-04-02,XBB.1.9.2,0.0,4736376,#536DFE
2024-04-02,XBB.2.3,0.0,4736376,#F7BCDF
2024-04-02,XDP,0.0,4736376,#B60052
2024-04-02,XDV.1,0.0,4736376,#D367B6
2024-04-02,unreportable,0.0109832914500411,4736376,#eeeeee
2024-04-09,BA.2,0.0,7467051,#9CCD67
2024-04-09,BA.2.12.1,0.0,7467051,#7CB342
2024-04-09,BA.2.86,0.0,7467051,#D770EE
2024-04-09,EG.5,0.0,7467051,#FFBE7D
2024-04-09,EG.5.1.8,0.0,7467051,#E14D6F
2024-04-09,EG.6.1,0.0,7467051,#B9ABA8
2024-04-09,FE.1.1,0.0,7467051,#499894
2024-04-09,FL.1.5.1,0.0,7467051,#8CD17D
2024-04-09,GE.1,0.0,7467051,#FABFD2
2024-04-09,GK.1.1,0.0,7467051,#90FAE5
2024-04-09,HF.1,0.0,7467051,#D399AD
2024-04-09,HK.3,0.0,7467051,#859DBC
2024-04-09,HV.1,0.0,7467051,#797765
2024-04-09,JD.1.1,0.0,7467051,#80F192
2024-04-09,JF.1,0.0,7467051,#FFF1A9
2024-04-09,JG.3,0.0,7467051,#66A172
2024-04-09,JN.1,0.3748120823473169,7467051,#61018F
2024-04-09,JN.1.11.1,0.0402760882428484,7467051,#5C9CF1
2024-04-09,JN.1.13,0.0320802505585538,7467051,#E83C78
2024-04-09,JN.1.13.1,0.0,7467051,#F2591C
2024-04-09,JN.1.16,0.0263850182463786,7467051,#BC3A88
2024-04-09,JN.1.16.1,0.0181764186600734,7467051,#366298
2024-04-09,JN.1.18,0.0566947678329316,7467051,#4AF32F
2024-04-09,JN.1.32,0.0592150536854482,7467051,#2E7919
2024-04-09,JN.1.4.3,0.0,7467051,#9D1010
2024-04-09,JN.1.7,0.3078597193777979,7467051,#CF15E8
2024-04-09,JN.1.8.1,0.0033618294181196,7467051,#FFB027
2024-04-09,KP.1.1,0.0005343994548664,7467051,#CBFF86
2024-04-09,KP.1.1.3,0.0,7467051,#1EB3B6
2024-04-09,KP.1.2,0.0009640060620718,7467051,#D7B5A6
2024-04-09,KP.2,0.0337781356780427,7467051,#5875A1
2024-04-09,KP.2.15,0.0,7467051,#175DFF
2024-04-09,KP.2.3,0.0,7467051,#628DE8
2024-04-09,KP.3,0.0359577402657468,7467051,#B06589
2024-04-09,KP.3.1.1,0.0,7467051,#2F92A1
2024-04-09,KP.4.1,0.0,7467051,#FF473A
2024-04-09,KQ.1,0.0,7467051,#E86CDE
2024-04-09,KV.2,0.0,7467051,#E14365
2024-04-09,KW.1.1,0.0,7467051,#34A0FF
2024-04-09,LB.1,0.0,7467051,#795653
2024-04-09,Recombinant,0.0,7467051,#FF0000
2024-04-09,XBB,0.0,7467051,#9FA8DA
2024-04-09,XBB.1.16,0.0,7467051,#4527A0
2024-04-09,XBB.1.16.1,0.0,7467051,#F89B9B
2024-04-09,XBB.1.16.15,0.0,7467051,#E3B5FA
2024-04-09,XBB.1.16.6,0.0,7467051,#5AA350
2024-04-09,XBB.1.42.1,0.0,7467051,#75D1A3
2024-04-09,XBB.1.5,0.0,7467051,#3F51B5
2024-04-09,XBB.1.5.70,0.0,7467051,#46783C
2024-04-09,XBB.1.5.72,0.0,7467051,#254220
2024-04-09,XBB.1.9.1,0.0,7467051,#304FFE
2024-04-09,XBB.1.9.2,0.0,7467051,#536DFE
2024-04-09,XBB.2.3,0.0,7467051,#F7BCDF
2024-04-09,XDP,0.0,7467051,#B60052
2024-04-09,XDV.1,0.0,7467051,#D367B6
2024-04-09,unreportable,0.0099044905177914,7467051,#eeeeee
2024-04-16,BA.2,0.0,147916,#9CCD67
2024-04-16,BA.2.12.1,0.0,147916,#7CB342
2024-04-16,BA.2.86,0.0,147916,#D770EE
2024-04-16,EG.5,0.0,147916,#FFBE7D
2024-04-16,EG.5.1.8,0.0,147916,#E14D6F
2024-04-16,EG.6.1,0.0,147916,#B9ABA8
2024-04-16,FE.1.1,0.0,147916,#499894
2024-04-16,FL.1.5.1,0.0,147916,#8CD17D
2024-04-16,GE.1,0.0,147916,#FABFD2
2024-04-16,GK.1.1,0.0,147916,#90FAE5
2024-04-16,HF.1,0.0,147916,#D399AD
2024-04-16,HK.3,0.0,147916,#859DBC
2024-04-16,HV.1,0.0,147916,#797765
2024-04-16,JD.1.1,0.0,147916,#80F192
2024-04-16,JF.1,0.0,147916,#FFF1A9
2024-04-16,JG.3,0.0,147916,#66A172
2024-04-16,JN.1,0.84545956,147916,#61018F
2024-04-16,JN.1.11.1,0.0,147916,#5C9CF1
2024-04-16,JN.1.13,0.0,147916,#E83C78
2024-04-16,JN.1.13.1,0.0,147916,#F2591C
2024-04-16,JN.1.16,0.0,147916,#BC3A88
2024-04-16,JN.1.16.1,0.0,147916,#366298
2024-04-16,JN.1.18,0.0,147916,#4AF32F
2024-04-16,JN.1.32,0.0,147916,#2E7919
2024-04-16,JN.1.4.3,0.0,147916,#9D1010
2024-04-16,JN.1.7,0.0,147916,#CF15E8
2024-04-16,JN.1.8.1,0.14650157,147916,#FFB027
2024-04-16,KP.1.1,0.0,147916,#CBFF86
2024-04-16,KP.1.1.3,0.0,147916,#1EB3B6
2024-04-16,KP.1.2,0.0,147916,#D7B5A6
2024-04-16,KP.2,0.0,147916,#5875A1
2024-04-16,KP.2.15,0.0,147916,#175DFF
2024-04-16,KP.2.3,0.0,147916,#628DE8
2024-04-16,KP.3,0.0,147916,#B06589
2024-04-16,KP.3.1.1,0.0,147916,#2F92A1
2024-04-16,KP.4.1,0.0,147916,#FF473A
2024-04-16,KQ.1,0.0,147916,#E86CDE
2024-04-16,KV.2,0.0,147916,#E14365
2024-04-16,KW.1.1,0.00176149,147916,#34A0FF
2024-04-16,LB.1,0.0,147916,#795653
2024-04-16,Recombinant,0.0,147916,#FF0000
2024-04-16,XBB,0.0,147916,#9FA8DA
2024-04-16,XBB.1.16,0.0,147916,#4527A0
2024-04-16,XBB.1.16.1,0.0,147916,#F89B9B
2024-04-16,XBB.1.16.15,0.0,147916,#E3B5FA
2024-04-16,XBB.1.16.6,0.0,147916,#5AA350
2024-04-16,XBB.1.42.1,0.0,147916,#75D1A3
2024-04-16,XBB.1.5,0.0,147916,#3F51B5
2024-04-16,XBB.1.5.70,0.0,147916,#46783C
2024-04-16,XBB.1.5.72,0.0,147916,#254220
2024-04-16,XBB.1.9.1,0.0,147916,#304FFE
2024-04-16,XBB.1.9.2,0.0,147916,#536DFE
2024-04-16,XBB.2.3,0.0,147916,#F7BCDF
2024-04-16,XDP,0.0,147916,#B60052
2024-04-16,XDV.1,0.0,147916,#D367B6
2024-04-16,unreportable,0.00627738,147916,#eeeeee
2024-04-23,BA.2,0.0,9288763,#9CCD67
2024-04-23,BA.2.12.1,0.0,9288763,#7CB342
2024-04-23,BA.2.86,0.000206228730761,9288763,#D770EE
2024-04-23,EG.5,0.0,9288763,#FFBE7D
2024-04-23,EG.5.1.8,0.0,9288763,#E14D6F
2024-04-23,EG.6.1,0.0,9288763,#B9ABA8
2024-04-23,FE.1.1,0.0,9288763,#499894
2024-04-23,FL.1.5.1,0.0,9288763,#8CD17D
2024-04-23,GE.1,0.0,9288763,#FABFD2
2024-04-23,GK.1.1,0.0,9288763,#90FAE5
2024-04-23,HF.1,0.0,9288763,#D399AD
2024-04-23,HK.3,0.0,9288763,#859DBC
2024-04-23,HV.1,0.0,9288763,#797765
2024-04-23,JD.1.1,0.0,9288763,#80F192
2024-04-23,JF.1,0.0,9288763,#FFF1A9
2024-04-23,JG.3,0.0,9288763,#66A172
2024-04-23,JN.1,0.3364668206115206,9288763,#61018F
2024-04-23,JN.1.11.1,0.0402346321162204,9288763,#5C9CF1
2024-04-23,JN.1.13,0.0053440568275668,9288763,#E83C78
2024-04-23,JN.1.13.1,0.0517534125092393,9288763,#F2591C
2024-04-23,JN.1.16,0.1164004317547094,9288763,#BC3A88
2024-04-23,JN.1.16.1,0.1284391245533555,9288763,#366298
2024-04-23,JN.1.18,0.027707088422256,9288763,#4AF32F
2024-04-23,JN.1.32,0.0366747774543973,9288763,#2E7919
2024-04-23,JN.1.4.3,0.01658419026402,9288763,#9D1010
2024-04-23,JN.1.7,0.0255886908339183,9288763,#CF15E8
2024-04-23,JN.1.8.1,0.0245778953267803,9288763,#FFB027
2024-04-23,KP.1.1,0.0005987632304796,9288763,#CBFF86
2024-04-23,KP.1.1.3,0.0,9288763,#1EB3B6
2024-04-23,KP.1.2,0.020884141119417,9288763,#D7B5A6
2024-04-23,KP.2,0.0119895435284978,9288763,#5875A1
2024-04-23,KP.2.15,0.0,9288763,#175DFF
2024-04-23,KP.2.3,0.0047747024202899,9288763,#628DE8
2024-04-23,KP.3,0.0798735686800104,9288763,#B06589
2024-04-23,KP.3.1.1,0.0,9288763,#2F92A1
2024-04-23,KP.4.1,8.046562056217819e-05,9288763,#FF473A
2024-04-23,KQ.1,0.0249939709346228,9288763,#E86CDE
2024-04-23,KV.2,0.0060014190206381,9288763,#E14365
2024-04-23,KW.1.1,0.0,9288763,#34A0FF
2024-04-23,LB.1,0.0304581938193234,9288763,#795653
2024-04-23,Recombinant,0.0,9288763,#FF0000
2024-04-23,XBB,0.0,9288763,#9FA8DA
2024-04-23,XBB.1.16,0.0,9288763,#4527A0
2024-04-23,XBB.1.16.1,0.0,9288763,#F89B9B
2024-04-23,XBB.1.16.15,0.0,9288763,#E3B5FA
2024-04-23,XBB.1.16.6,0.0,9288763,#5AA350
2024-04-23,XBB.1.42.1,0.0,9288763,#75D1A3
2024-04-23,XBB.1.5,0.0,9288763,#3F51B5
2024-04-23,XBB.1.5.70,0.0,9288763,#46783C
2024-04-23,XBB.1.5.72,0.0,9288763,#254220
2024-04-23,XBB.1.9.1,0.0,9288763,#304FFE
2024-04-23,XBB.1.9.2,0.0,9288763,#536DFE
2024-04-23,XBB.2.3,0.0,9288763,#F7BCDF
2024-04-23,XDP,0.0022025620505658,9288763,#B60052
2024-04-23,XDV.1,0.0,9288763,#D367B6
2024-04-23,unreportable,0.0081653238189024,9288763,#eeeeee
2024-04-30,BA.2,0.0,5129042,#9CCD67
2024-04-30,BA.2.12.1,0.0,5129042,#7CB342
2024-04-30,BA.2.86,0.0,5129042,#D770EE
2024-04-30,EG.5,0.0,5129042,#FFBE7D
2024-04-30,EG.5.1.8,0.0,5129042,#E14D6F
2024-04-30,EG.6.1,0.0,5129042,#B9ABA8
2024-04-30,FE.1.1,0.0,5129042,#499894
2024-04-30,FL.1.5.1,0.0,5129042,#8CD17D
2024-04-30,GE.1,0.0,5129042,#FABFD2
2024-04-30,GK.1.1,0.0,5129042,#90FAE5
2024-04-30,HF.1,0.0,5129042,#D399AD
2024-04-30,HK.3,0.0,5129042,#859DBC
2024-04-30,HV.1,0.0,5129042,#797765
2024-04-30,JD.1.1,0.0,5129042,#80F192
2024-04-30,JF.1,0.0,5129042,#FFF1A9
2024-04-30,JG.3,0.0,5129042,#66A172
2024-04-30,JN.1,0.3814864508114206,5129042,#61018F
2024-04-30,JN.1.11.1,0.0052802657514678,5129042,#5C9CF1
2024-04-30,JN.1.13,0.0,5129042,#E83C78
2024-04-30,JN.1.13.1,0.0380477666736887,5129042,#F2591C
2024-04-30,JN.1.16,0.0017603361504156,5129042,#BC3A88
2024-04-30,JN.1.16.1,0.0123684152047516,5129042,#366298
2024-04-30,JN.1.18,0.0614764251990235,5129042,#4AF32F
2024-04-30,JN.1.32,0.0223946258865222,5129042,#2E7919
2024-04-30,JN.1.4.3,0.0,5129042,#9D1010
2024-04-30,JN.1.7,0.0708564250059777,5129042,#CF15E8
2024-04-30,JN.1.8.1,1.6301813866995046e-05,5129042,#FFB027
2024-04-30,KP.1.1,0.0128935683759579,5129042,#CBFF86
2024-04-30,KP.1.1.3,0.0,5129042,#1EB3B6
2024-04-30,KP.1.2,0.0007867748225848,5129042,#D7B5A6
2024-04-30,KP.2,0.0632775839950404,5129042,#5875A1
2024-04-30,KP.2.15,0.0,5129042,#175DFF
2024-04-30,KP.2.3,0.0081101659768802,5129042,#628DE8
2024-04-30,KP.3,0.1960107197910662,5129042,#B06589
2024-04-30,KP.3.1.1,0.0,5129042,#2F92A1
2024-04-30,KP.4.1,0.0,5129042,#FF473A
2024-04-30,KQ.1,0.0721422369749048,5129042,#E86CDE
2024-04-30,KV.2,0.0002497964382588,5129042,#E14365
2024-04-30,KW.1.1,0.0,5129042,#34A0FF
2024-04-30,LB.1,0.0437062918306303,5129042,#795653
2024-04-30,Recombinant,0.0003682891503871,5129042,#FF0000
2024-04-30,XBB,0.0,5129042,#9FA8DA
2024-04-30,XBB.1.16,0.0,5129042,#4527A0
2024-04-30,XBB.1.16.1,0.0,5129042,#F89B9B
2024-04-30,XBB.1.16.15,0.0,5129042,#E3B5FA
2024-04-30,XBB.1.16.6,0.0,5129042,#5AA350
2024-04-30,XBB.1.42.1,0.0,5129042,#75D1A3
2024-04-30,XBB.1.5,0.0,5129042,#3F51B5
2024-04-30,XBB.1.5.70,0.0,5129042,#46783C
2024-04-30,XBB.1.5.72,0.0,5129042,#254220
2024-04-30,XBB.1.9.1,0.0,5129042,#304FFE
2024-04-30,XBB.1.9.2,0.0,5129042,#536DFE
2024-04-30,XBB.2.3,0.0,5129042,#F7BCDF
2024-04-30,XDP,0.0,5129042,#B60052
2024-04-30,XDV.1,0.0,5129042,#D367B6
2024-04-30,unreportable,0.0087675639292113,5129042,#eeeeee
2024-05-07,BA.2,0.0,9990867,#9CCD67
2024-05-07,BA.2.12.1,0.0,9990867,#7CB342
2024-05-07,BA.2.86,0.0249367297082025,9990867,#D770EE
2024-05-07,EG.5,0.0,9990867,#FFBE7D
2024-05-07,EG.5.1.8,0.0,9990867,#E14D6F
2024-05-07,EG.6.1,0.0,9990867,#B9ABA8
2024-05-07,FE.1.1,0.0,9990867,#499894
2024-05-07,FL.1.5.1,0.0,9990867,#8CD17D
2024-05-07,GE.1,0.0,9990867,#FABFD2
2024-05-07,GK.1.1,0.0,9990867,#90FAE5
2024-05-07,HF.1,0.0,9990867,#D399AD
2024-05-07,HK.3,0.0,9990867,#859DBC
2024-05-07,HV.1,0.0,9990867,#797765
2024-05-07,JD.1.1,0.0,9990867,#80F192
2024-05-07,JF.1,0.0,9990867,#FFF1A9
2024-05-07,JG.3,0.0,9990867,#66A172
2024-05-07,JN.1,0.1774085719181928,9990867,#61018F
2024-05-07,JN.1.11.1,0.067090510787261,9990867,#5C9CF1
2024-05-07,JN.1.13,0.0086931142356113,9990867,#E83C78
2024-05-07,JN.1.13.1,0.0073266267880114,9990867,#F2591C
2024-05-07,JN.1.16,0.0881388220216453,9990867,#BC3A88
2024-05-07,JN.1.16.1,0.051576454949174,9990867,#366298
2024-05-07,JN.1.18,0.0358827928614753,9990867,#4AF32F
2024-05-07,JN.1.32,0.0316310322506875,9990867,#2E7919
2024-05-07,JN.1.4.3,0.0,9990867,#9D1010
2024-05-07,JN.1.7,0.1081063123374978,9990867,#CF15E8
2024-05-07,JN.1.8.1,0.0075749407124727,9990867,#FFB027
2024-05-07,KP.1.1,0.0035031473440683,9990867,#CBFF86
2024-05-07,KP.1.1.3,0.0,9990867,#1EB3B6
2024-05-07,KP.1.2,0.0088070877494545,9990867,#D7B5A6
2024-05-07,KP.2,0.1238052820172213,9990867,#5875A1
2024-05-07,KP.2.15,0.0,9990867,#175DFF
2024-05-07,KP.2.3,0.0082392800262599,9990867,#628DE8
2024-05-07,KP.3,0.0885466476350761,9990867,#B06589
2024-05-07,KP.3.1.1,0.0,9990867,#2F92A1
2024-05-07,KP.4.1,9.17271035696902e-05,9990867,#FF473A
2024-05-07,KQ.1,0.001036865056476,9990867,#E86CDE
2024-05-07,KV.2,0.0007513096796734,9990867,#E14365
2024-05-07,KW.1.1,0.0002832929408438,9990867,#34A0FF
2024-05-07,LB.1,0.0882118370712411,9990867,#795653
2024-05-07,Recombinant,0.0574067445870423,9990867,#FF0000
2024-05-07,XBB,0.0,9990867,#9FA8DA
2024-05-07,XBB.1.16,0.0,9990867,#4527A0
2024-05-07,XBB.1.16.1,0.0,9990867,#F89B9B
2024-05-07,XBB.1.16.15,0.0,9990867,#E3B5FA
2024-05-07,XBB.1.16.6,0.0,9990867,#5AA350
2024-05-07,XBB.1.42.1,0.0,9990867,#75D1A3
2024-05-07,XBB.1.5,0.0,9990867,#3F51B5
2024-05-07,XBB.1.5.70,0.0,9990867,#46783C
2024-05-07,XBB.1.5.72,0.0,9990867,#254220
2024-05-07,XBB.1.9.1,0.0,9990867,#304FFE
2024-05-07,XBB.1.9.2,0.0,9990867,#536DFE
2024-05-07,XBB.2.3,0.0,9990867,#F7BCDF
2024-05-07,XDP,2.411608329487321e-05,9990867,#B60052
2024-05-07,XDV.1,0.0008343894344604,9990867,#D367B6
2024-05-07,unreportable,0.0100923638778306,9990867,#eeeeee
2024-05-14,BA.2,0.0,10643943,#9CCD67
2024-05-14,BA.2.12.1,0.0,10643943,#7CB342
2024-05-14,BA.2.86,2.4387258481185022e-05,10643943,#D770EE
2024-05-14,EG.5,0.0,10643943,#FFBE7D
2024-05-14,EG.5.1.8,0.0,10643943,#E14D6F
2024-05-14,EG.6.1,0.0,10643943,#B9ABA8
2024-05-14,FE.1.1,0.0,10643943,#499894
2024-05-14,FL.1.5.1,0.0,10643943,#8CD17D
2024-05-14,GE.1,0.0,10643943,#FABFD2
2024-05-14,GK.1.1,0.0,10643943,#90FAE5
2024-05-14,HF.1,0.0,10643943,#D399AD
2024-05-14,HK.3,0.0,10643943,#859DBC
2024-05-14,HV.1,0.0,10643943,#797765
2024-05-14,JD.1.1,0.0,10643943,#80F192
2024-05-14,JF.1,0.0,10643943,#FFF1A9
2024-05-14,JG.3,0.0,10643943,#66A172
2024-05-14,JN.1,0.1616886902176505,10643943,#61018F
2024-05-14,JN.1.11.1,0.0062847325979564,10643943,#5C9CF1
2024-05-14,JN.1.13,0.0003589072780265,10643943,#E83C78
2024-05-14,JN.1.13.1,0.0452691025870957,10643943,#F2591C
2024-05-14,JN.1.16,0.0279978850738847,10643943,#BC3A88
2024-05-14,JN.1.16.1,0.0560348389123729,10643943,#366298
2024-05-14,JN.1.18,0.023898237275643,10643943,#4AF32F
2024-05-14,JN.1.32,0.0993397725679994,10643943,#2E7919
2024-05-14,JN.1.4.3,0.0284853082839893,10643943,#9D1010
2024-05-14,JN.1.7,0.146593997857621,10643943,#CF15E8
2024-05-14,JN.1.8.1,0.0574595605469204,10643943,#FFB027
2024-05-14,KP.1.1,0.0231352689250102,10643943,#CBFF86
2024-05-14,KP.1.1.3,0.0,10643943,#1EB3B6
2024-05-14,KP.1.2,0.0218495097697469,10643943,#D7B5A6
2024-05-14,KP.2,0.0282180565235758,10643943,#5875A1
2024-05-14,KP.2.15,0.0,10643943,#175DFF
2024-05-14,KP.2.3,0.002969532093492,10643943,#628DE8
2024-05-14,KP.3,0.0899363375543565,10643943,#B06589
2024-05-14,KP.3.1.1,0.0,10643943,#2F92A1
2024-05-14,KP.4.1,0.0076554520108713,10643943,#FF473A
2024-05-14,KQ.1,0.0202451615514927,10643943,#E86CDE
2024-05-14,KV.2,0.0003407378573466,10643943,#E14365
2024-05-14,KW.1.1,0.0401363862653717,10643943,#34A0FF
2024-05-14,LB.1,0.1035239509066564,10643943,#795653
2024-05-14,Recombinant,8.463027609035486e-05,10643943,#FF0000
2024-05-14,XBB,0.0,10643943,#9FA8DA
2024-05-14,XBB.1.16,0.0,10643943,#4527A0
2024-05-14,XBB.1.16.1,0.0,10643943,#F89B9B
2024-05-14,XBB.1.16.15,0.0,10643943,#E3B5FA
2024-05-14,XBB.1.16.6,0.0,10643943,#5AA350
2024-05-14,XBB.1.42.1,0.0,10643943,#75D1A3
2024-05-14,XBB.1.5,0.0,10643943,#3F51B5
2024-05-14,XBB.1.5.70,0.0,10643943,#46783C
2024-05-14,XBB.1.5.72,0.0,10643943,#254220
2024-05-14,XBB.1.9.1,0.0,10643943,#304FFE
2024-05-14,XBB.1.9.2,0.0,10643943,#536DFE
2024-05-14,XBB.2.3,0.0,10643943,#F7BCDF
2024-05-14,XDP,0.0,10643943,#B60052
2024-05-14,XDV.1,0.0,10643943,#D367B6
2024-05-14,unreportable,0.0084695572822796,10643943,#eeeeee
2024-05-21,BA.2,0.0,8294709,#9CCD67
2024-05-21,BA.2.12.1,0.0,8294709,#7CB342
2024-05-21,BA.2.86,0.0080711717717981,8294709,#D770EE
2024-05-21,EG.5,0.0,8294709,#FFBE7D
2024-05-21,EG.5.1.8,0.0,8294709,#E14D6F
2024-05-21,EG.6.1,0.0,8294709,#B9ABA8
2024-05-21,FE.1.1,0.0,8294709,#499894
2024-05-21,FL.1.5.1,0.0,8294709,#8CD17D
2024-05-21,GE.1,0.0,8294709,#FABFD2
2024-05-21,GK.1.1,0.0,8294709,#90FAE5
2024-05-21,HF.1,0.0,8294709,#D399AD
2024-05-21,HK.3,0.0,8294709,#859DBC
2024-05-21,HV.1,0.0,8294709,#797765
2024-05-21,JD.1.1,0.0,8294709,#80F192
2024-05-21,JF.1,0.0,8294709,#FFF1A9
2024-05-21,JG.3,0.0,8294709,#66A172
2024-05-21,JN.1,0.1730716224570891,8294709,#61018F
2024-05-21,JN.1.11.1,0.106609938422334,8294709,#5C9CF1
2024-05-21,JN.1.13,0.0,8294709,#E83C78
2024-05-21,JN.1.13.1,0.0001347715657294,8294709,#F2591C
2024-05-21,JN.1.16,0.0447687351223774,8294709,#BC3A88
2024-05-21,JN.1.16.1,0.0115002862804385,8294709,#366298
2024-05-21,JN.1.18,0.0108029987374337,8294709,#4AF32F
2024-05-21,JN.1.32,0.0225932558259415,8294709,#2E7919
2024-05-21,JN.1.4.3,0.0088427665993707,8294709,#9D1010
2024-05-21,JN.1.7,0.0190434082860531,8294709,#CF15E8
2024-05-21,JN.1.8.1,0.0001819873281268,8294709,#FFB027
2024-05-21,KP.1.1,0.001881736822877,8294709,#CBFF86
2024-05-21,KP.1.1.3,0.0,8294709,#1EB3B6
2024-05-21,KP.1.2,0.0015930665102898,8294709,#D7B5A6
2024-05-21,KP.2,0.0790181244925349,8294709,#5875A1
2024-05-21,KP.2.15,0.0,8294709,#175DFF
2024-05-21,KP.2.3,0.0167552261913238,8294709,#628DE8
2024-05-21,KP.3,0.3467546348397924,8294709,#B06589
2024-05-21,KP.3.1.1,0.0,8294709,#2F92A1
2024-05-21,KP.4.1,0.0180898107558059,8294709,#FF473A
2024-05-21,KQ.1,0.0044239668774516,8294709,#E86CDE
2024-05-21,KV.2,0.0001314527612722,8294709,#E14365
2024-05-21,KW.1.1,0.0,8294709,#34A0FF
2024-05-21,LB.1,0.1144726345970738,8294709,#795653
2024-05-21,Recombinant,0.0022505457583237,8294709,#FF0000
2024-05-21,XBB,0.0,8294709,#9FA8DA
2024-05-21,XBB.1.16,0.0,8294709,#4527A0
2024-05-21,XBB.1.16.1,0.0,8294709,#F89B9B
2024-05-21,XBB.1.16.15,0.0,8294709,#E3B5FA
2024-05-21,XBB.1.16.6,0.0,8294709,#5AA350
2024-05-21,XBB.1.42.1,0.0,8294709,#75D1A3
2024-05-21,XBB.1.5,0.0,8294709,#3F51B5
2024-05-21,XBB.1.5.70,0.0,8294709,#46783C
2024-05-21,XBB.1.5.72,0.0,8294709,#254220
2024-05-21,XBB.1.9.1,0.0,8294709,#304FFE
2024-05-21,XBB.1.9.2,0.0,8294709,#536DFE
2024-05-21,XBB.2.3,0.0,8294709,#F7BCDF
2024-05-21,XDP,0.0,8294709,#B60052
2024-05-21,XDV.1,0.0008422322592474,8294709,#D367B6
2024-05-21,unreportable,0.0081656232405199,8294709,#eeeeee
2024-05-28,BA.2,0.0,7861312,#9CCD67
2024-05-28,BA.2.12.1,0.0,7861312,#7CB342
2024-05-28,BA.2.86,0.0139335890150651,7861312,#D770EE
2024-05-28,EG.5,0.0,7861312,#FFBE7D
2024-05-28,EG.5.1.8,0.0,7861312,#E14D6F
2024-05-28,EG.6.1,0.0,7861312,#B9ABA8
2024-05-28,FE.1.1,0.0,7861312,#499894
2024-05-28,FL.1.5.1,0.0,7861312,#8CD17D
2024-05-28,GE.1,0.0,7861312,#FABFD2
2024-05-28,GK.1.1,0.0,7861312,#90FAE5
2024-05-28,HF.1,0.0,7861312,#D399AD
2024-05-28,HK.3,0.0,7861312,#859DBC
2024-05-28,HV.1,0.0,7861312,#797765
2024-05-28,JD.1.1,0.0,7861312,#80F192
2024-05-28,JF.1,0.0,7861312,#FFF1A9
2024-05-28,JG.3,0.0,7861312,#66A172
2024-05-28,JN.1,0.1268633777141792,7861312,#61018F
2024-05-28,JN.1.11.1,0.0472380446845043,7861312,#5C9CF1
2024-05-28,JN.1.13,0.0002185619276655,7861312,#E83C78
2024-05-28,JN.1.13.1,0.000138898954373,7861312,#F2591C
2024-05-28,JN.1.16,0.0235297007119803,7861312,#BC3A88
2024-05-28,JN.1.16.1,0.02674260112829,7861312,#366298
2024-05-28,JN.1.18,0.0126973142533638,7861312,#4AF32F
2024-05-28,JN.1.32,0.0250664331265442,7861312,#2E7919
2024-05-28,JN.1.4.3,0.0,7861312,#9D1010
2024-05-28,JN.1.7,0.0578708444257256,7861312,#CF15E8
2024-05-28,JN.1.8.1,0.0,7861312,#FFB027
2024-05-28,KP.1.1,0.0979894879192697,7861312,#CBFF86
2024-05-28,KP.1.1.3,0.0001064822511814,7861312,#1EB3B6
2024-05-28,KP.1.2,0.0002746881410011,7861312,#D7B5A6
2024-05-28,KP.2,0.1707008195835122,7861312,#5875A1
2024-05-28,KP.2.15,0.0048481445495064,7861312,#175DFF
2024-05-28,KP.2.3,0.0104252362440442,7861312,#628DE8
2024-05-28,KP.3,0.255686568223439,7861312,#B06589
2024-05-28,KP.3.1.1,0.0,7861312,#2F92A1
2024-05-28,KP.4.1,0.0225885048690345,7861312,#FF473A
2024-05-28,KQ.1,0.0003905011812684,7861312,#E86CDE
2024-05-28,KV.2,0.000209077263243,7861312,#E14365
2024-05-28,KW.1.1,0.0,7861312,#34A0FF
2024-05-28,LB.1,0.028665703491033,7861312,#795653
2024-05-28,Recombinant,0.0001834115755932,7861312,#FF0000
2024-05-28,XBB,0.0,7861312,#9FA8DA
2024-05-28,XBB.1.16,0.0,7861312,#4527A0
2024-05-28,XBB.1.16.1,0.0,7861312,#F89B9B
2024-05-28,XBB.1.16.15,0.0,7861312,#E3B5FA
2024-05-28,XBB.1.16.6,0.0,7861312,#5AA350
2024-05-28,XBB.1.42.1,0.0,7861312,#75D1A3
2024-05-28,XBB.1.5,0.0,7861312,#3F51B5
2024-05-28,XBB.1.5.70,0.0,7861312,#46783C
2024-05-28,XBB.1.5.72,0.0,7861312,#254220
2024-05-28,XBB.1.9.1,0.0,7861312,#304FFE
2024-05-28,XBB.1.9.2,0.0,7861312,#536DFE
2024-05-28,XBB.2.3,0.0,7861312,#F7BCDF
2024-05-28,XDP,0.0170870658498797,7861312,#B60052
2024-05-28,XDV.1,0.0442578340742448,7861312,#D367B6
2024-05-28,unreportable,0.0122871159154667,7861312,#eeeeee
2024-06-04,BA.2,0.0,8560789,#9CCD67
2024-06-04,BA.2.12.1,0.0,8560789,#7CB342
2024-06-04,BA.2.86,0.0,8560789,#D770EE
2024-06-04,EG.5,0.0,8560789,#FFBE7D
2024-06-04,EG.5.1.8,0.0,8560789,#E14D6F
2024-06-04,EG.6.1,0.0,8560789,#B9ABA8
2024-06-04,FE.1.1,0.0,8560789,#499894
2024-06-04,FL.1.5.1,0.0,8560789,#8CD17D
2024-06-04,GE.1,0.0,8560789,#FABFD2
2024-06-04,GK.1.1,0.0,8560789,#90FAE5
2024-06-04,HF.1,0.0,8560789,#D399AD
2024-06-04,HK.3,0.0,8560789,#859DBC
2024-06-04,HV.1,0.0,8560789,#797765
2024-06-04,JD.1.1,0.0,8560789,#80F192
2024-06-04,JF.1,0.0,8560789,#FFF1A9
2024-06-04,JG.3,0.0,8560789,#66A172
2024-06-04,JN.1,0.0642326180481822,8560789,#61018F
2024-06-04,JN.1.11.1,0.1398132389401128,8560789,#5C9CF1
2024-06-04,JN.1.13,0.0,8560789,#E83C78
2024-06-04,JN.1.13.1,0.000538000108803,8560789,#F2591C
2024-06-04,JN.1.16,0.0481119140760658,8560789,#BC3A88
2024-06-04,JN.1.16.1,0.0839425932636501,8560789,#366298
2024-06-04,JN.1.18,0.0098403283543327,8560789,#4AF32F
2024-06-04,JN.1.32,0.0011367750558891,8560789,#2E7919
2024-06-04,JN.1.4.3,0.0,8560789,#9D1010
2024-06-04,JN.1.7,0.0069935977982321,8560789,#CF15E8
2024-06-04,JN.1.8.1,4.702879486224927e-05,8560789,#FFB027
2024-06-04,KP.1.1,0.0278492623810655,8560789,#CBFF86
2024-06-04,KP.1.1.3,0.0082188440014839,8560789,#1EB3B6
2024-06-04,KP.1.2,0.0067510266893752,8560789,#D7B5A6
2024-06-04,KP.2,0.1014665371057352,8560789,#5875A1
2024-06-04,KP.2.15,0.0169761135252369,8560789,#175DFF
2024-06-04,KP.2.3,0.1512156150225989,8560789,#628DE8
2024-06-04,KP.3,0.1528085680243993,8560789,#B06589
2024-06-04,KP.3.1.1,0.0271597038001917,8560789,#2F92A1
2024-06-04,KP.4.1,5.2414530018202765e-05,8560789,#FF473A
2024-06-04,KQ.1,0.0,8560789,#E86CDE
2024-06-04,KV.2,3.2943842568716504e-05,8560789,#E14365
2024-06-04,KW.1.1,0.0,8560789,#34A0FF
2024-06-04,LB.1,0.1375045424069101,8560789,#795653
2024-06-04,Recombinant,0.0022245421430513,8560789,#FF0000
2024-06-04,XBB,0.0,8560789,#9FA8DA
2024-06-04,XBB.1.16,0.0,8560789,#4527A0
2024-06-04,XBB.1.16.1,0.0,8560789,#F89B9B
2024-06-04,XBB.1.16.15,0.0,8560789,#E3B5FA
2024-06-04,XBB.1.16.6,0.0,8560789,#5AA350
2024-06-04,XBB.1.42.1,0.0,8560789,#75D1A3
2024-06-04,XBB.1.5,0.0,8560789,#3F51B5
2024-06-04,XBB.1.5.70,0.0,8560789,#46783C
2024-06-04,XBB.1.5.72,0.0,8560789,#254220
2024-06-04,XBB.1.9.1,0.0,8560789,#304FFE
2024-06-04,XBB.1.9.2,0.0,8560789,#536DFE
2024-06-04,XBB.2.3,0.0,8560789,#F7BCDF
2024-06-04,XDP,0.0,8560789,#B60052
2024-06-04,XDV.1,0.0,8560789,#D367B6
2024-06-04,unreportable,0.0130837884165104,8560789,#eeeeee
2024-06-11,BA.2,0.0,11349839,#9CCD67
2024-06-11,BA.2.12.1,0.0,11349839,#7CB342
2024-06-11,BA.2.86,0.0,11349839,#D770EE
2024-06-11,EG.5,0.0,11349839,#FFBE7D
2024-06-11,EG.5.1.8,0.0,11349839,#E14D6F
2024-06-11,EG.6.1,0.0,11349839,#B9ABA8
2024-06-11,FE.1.1,0.0,11349839,#499894
2024-06-11,FL.1.5.1,0.0,11349839,#8CD17D
2024-06-11,GE.1,0.0,11349839,#FABFD2
2024-06-11,GK.1.1,0.0,11349839,#90FAE5
2024-06-11,HF.1,0.0,11349839,#D399AD
2024-06-11,HK.3,0.0,11349839,#859DBC
2024-06-11,HV.1,0.0,11349839,#797765
2024-06-11,JD.1.1,0.0,11349839,#80F192
2024-06-11,JF.1,0.0,11349839,#FFF1A9
2024-06-11,JG.3,0.0,11349839,#66A172
2024-06-11,JN.1,0.0302643507750277,11349839,#61018F
2024-06-11,JN.1.11.1,0.0561718415163466,11349839,#5C9CF1
2024-06-11,JN.1.13,0.0,11349839,#E83C78
2024-06-11,JN.1.13.1,0.0079724256290683,11349839,#F2591C
2024-06-11,JN.1.16,0.008721169359153,11349839,#BC3A88
2024-06-11,JN.1.16.1,0.0391167562091356,11349839,#366298
2024-06-11,JN.1.18,0.0090012814017996,11349839,#4AF32F
2024-06-11,JN.1.32,0.0281178992035217,11349839,#2E7919
2024-06-11,JN.1.4.3,2.3966078701204483e-05,11349839,#9D1010
2024-06-11,JN.1.7,0.0122747720961275,11349839,#CF15E8
2024-06-11,JN.1.8.1,0.0,11349839,#FFB027
2024-06-11,KP.1.1,0.048487173063617,11349839,#CBFF86
2024-06-11,KP.1.1.3,0.035359763947648,11349839,#1EB3B6
2024-06-11,KP.1.2,0.0062823189395444,11349839,#D7B5A6
2024-06-11,KP.2,0.1634946797478255,11349839,#5875A1
2024-06-11,KP.2.15,0.0031914685077198,11349839,#175DFF
2024-06-11,KP.2.3,0.0309246463525121,11349839,#628DE8
2024-06-11,KP.3,0.3907467994294923,11349839,#B06589
2024-06-11,KP.3.1.1,0.0169836987156566,11349839,#2F92A1
2024-06-11,KP.4.1,0.002514201795132,11349839,#FF473A
2024-06-11,KQ.1,0.0011577281242209,11349839,#E86CDE
2024-06-11,KV.2,4.7266976061951184e-05,11349839,#E14365
2024-06-11,KW.1.1,0.0004525399430027,11349839,#34A0FF
2024-06-11,LB.1,0.0971716333861431,11349839,#795653
2024-06-11,Recombinant,3.789421365360337e-05,11349839,#FF0000
2024-06-11,XBB,0.0,11349839,#9FA8DA
2024-06-11,XBB.1.16,0.0,11349839,#4527A0
2024-06-11,XBB.1.16.1,0.0,11349839,#F89B9B
2024-06-11,XBB.1.16.15,0.0,11349839,#E3B5FA
2024-06-11,XBB.1.16.6,0.0,11349839,#5AA350
2024-06-11,XBB.1.42.1,0.0,11349839,#75D1A3
2024-06-11,XBB.1.5,0.0,11349839,#3F51B5
2024-06-11,XBB.1.5.70,0.0,11349839,#46783C
2024-06-11,XBB.1.5.72,0.0,11349839,#254220
2024-06-11,XBB.1.9.1,0.0,11349839,#304FFE
2024-06-11,XBB.1.9.2,0.0,11349839,#536DFE
2024-06-11,XBB.2.3,0.0,11349839,#F7BCDF
2024-06-11,XDP,0.0,11349839,#B60052
2024-06-11,XDV.1,0.0,11349839,#D367B6
2024-06-11,unreportable,0.0114837259787843,11349839,#eeeeee
2024-06-18,BA.2,0.0,9946420,#9CCD67
2024-06-18,BA.2.12.1,0.0,9946420,#7CB342
2024-06-18,BA.2.86,1.7620671306862167e-05,9946420,#D770EE
2024-06-18,EG.5,0.0,9946420,#FFBE7D
2024-06-18,EG.5.1.8,0.0,9946420,#E14D6F
2024-06-18,EG.6.1,0.0,9946420,#B9ABA8
2024-06-18,FE.1.1,0.0,9946420,#499894
2024-06-18,FL.1.5.1,0.0,9946420,#8CD17D
2024-06-18,GE.1,0.0,9946420,#FABFD2
2024-06-18,GK.1.1,0.0,9946420,#90FAE5
2024-06-18,HF.1,0.0,9946420,#D399AD
2024-06-18,HK.3,0.0,9946420,#859DBC
2024-06-18,HV.1,0.0,9946420,#797765
2024-06-18,JD.1.1,0.0,9946420,#80F192
2024-06-18,JF.1,0.0,9946420,#FFF1A9
2024-06-18,JG.3,0.0,9946420,#66A172
2024-06-18,JN.1,0.0662478957421831,9946420,#61018F
2024-06-18,JN.1.11.1,0.0259509995453474,9946420,#5C9CF1
2024-06-18,JN.1.13,0.0,9946420,#E83C78
2024-06-18,JN.1.13.1,0.0007228871371347,9946420,#F2591C
2024-06-18,JN.1.16,0.0281551203991908,9946420,#BC3A88
2024-06-18,JN.1.16.1,0.1299244921878384,9946420,#366298
2024-06-18,JN.1.18,0.0053008779340576,9946420,#4AF32F
2024-06-18,JN.1.32,0.020419294958568,9946420,#2E7919
2024-06-18,JN.1.4.3,0.0,9946420,#9D1010
2024-06-18,JN.1.7,0.0030016863171673,9946420,#CF15E8
2024-06-18,JN.1.8.1,0.0,9946420,#FFB027
2024-06-18,KP.1.1,0.0097287374574324,9946420,#CBFF86
2024-06-18,KP.1.1.3,0.0059846327323036,9946420,#1EB3B6
2024-06-18,KP.1.2,0.0089982456696801,9946420,#D7B5A6
2024-06-18,KP.2,0.1565315694874382,9946420,#5875A1
2024-06-18,KP.2.15,0.0066518774281284,9946420,#175DFF
2024-06-18,KP.2.3,0.0636021358715608,9946420,#628DE8
2024-06-18,KP.3,0.3834565187836865,9946420,#B06589
2024-06-18,KP.3.1.1,0.0129393999417036,9946420,#2F92A1
2024-06-18,KP.4.1,0.0018834406293817,9946420,#FF473A
2024-06-18,KQ.1,0.0,9946420,#E86CDE
2024-06-18,KV.2,4.844044814063753e-05,9946420,#E14365
2024-06-18,KW.1.1,0.0,9946420,#34A0FF
2024-06-18,LB.1,0.0598954458157517,9946420,#795653
2024-06-18,Recombinant,3.690128982086017e-05,9946420,#FF0000
2024-06-18,XBB,0.0,9946420,#9FA8DA
2024-06-18,XBB.1.16,0.0,9946420,#4527A0
2024-06-18,XBB.1.16.1,0.0,9946420,#F89B9B
2024-06-18,XBB.1.16.15,0.0,9946420,#E3B5FA
2024-06-18,XBB.1.16.6,0.0,9946420,#5AA350
2024-06-18,XBB.1.42.1,0.0,9946420,#75D1A3
2024-06-18,XBB.1.5,0.0,9946420,#3F51B5
2024-06-18,XBB.1.5.70,0.0,9946420,#46783C
2024-06-18,XBB.1.5.72,0.0,9946420,#254220
2024-06-18,XBB.1.9.1,0.0,9946420,#304FFE
2024-06-18,XBB.1.9.2,0.0,9946420,#536DFE
2024-06-18,XBB.2.3,0.0,9946420,#F7BCDF
2024-06-18,XDP,0.0,9946420,#B60052
2024-06-18,XDV.1,0.0,9946420,#D367B6
2024-06-18,unreportable,0.0105017773167305,9946420,#eeeeee
2024-06-25,BA.2,0.0,12990514,#9CCD67
2024-06-25,BA.2.12.1,0.0,12990514,#7CB342
2024-06-25,BA.2.86,5.5155014990168974e-05,12990514,#D770EE
2024-06-25,EG.5,0.0,12990514,#FFBE7D
2024-06-25,EG.5.1.8,0.0,12990514,#E14D6F
2024-06-25,EG.6.1,0.0,12990514,#B9ABA8
2024-06-25,FE.1.1,0.0,12990514,#499894
2024-06-25,FL.1.5.1,0.0,12990514,#8CD17D
2024-06-25,GE.1,0.0,12990514,#FABFD2
2024-06-25,GK.1.1,0.0,12990514,#90FAE5
2024-06-25,HF.1,0.0,12990514,#D399AD
2024-06-25,HK.3,0.0,12990514,#859DBC
2024-06-25,HV.1,0.0,12990514,#797765
2024-06-25,JD.1.1,0.0,12990514,#80F192
2024-06-25,JF.1,0.0,12990514,#FFF1A9
2024-06-25,JG.3,0.0,12990514,#66A172
2024-06-25,JN.1,0.0386643550779376,12990514,#61018F
2024-06-25,JN.1.11.1,0.0348317978516877,12990514,#5C9CF1
2024-06-25,JN.1.13,0.0,12990514,#E83C78
2024-06-25,JN.1.13.1,0.015347389395873,12990514,#F2591C
2024-06-25,JN.1.16,0.0188044903970012,12990514,#BC3A88
2024-06-25,JN.1.16.1,0.0208401801916213,12990514,#366298
2024-06-25,JN.1.18,0.0069734162277528,12990514,#4AF32F
2024-06-25,JN.1.32,0.0053953086274476,12990514,#2E7919
2024-06-25,JN.1.4.3,0.0,12990514,#9D1010
2024-06-25,JN.1.7,0.0016632500826872,12990514,#CF15E8
2024-06-25,JN.1.8.1,0.0,12990514,#FFB027
2024-06-25,KP.1.1,0.0746756197204999,12990514,#CBFF86
2024-06-25,KP.1.1.3,0.0388305412081669,12990514,#1EB3B6
2024-06-25,KP.1.2,0.0033138282370974,12990514,#D7B5A6
2024-06-25,KP.2,0.1146367671186321,12990514,#5875A1
2024-06-25,KP.2.15,0.027068780977912,12990514,#175DFF
2024-06-25,KP.2.3,0.1085422835152596,12990514,#628DE8
2024-06-25,KP.3,0.2911906261044967,12990514,#B06589
2024-06-25,KP.3.1.1,0.0951020722842237,12990514,#2F92A1
2024-06-25,KP.4.1,0.0001483780455553,12990514,#FF473A
2024-06-25,KQ.1,0.002296026188568,12990514,#E86CDE
2024-06-25,KV.2,0.0,12990514,#E14365
2024-06-25,KW.1.1,0.00072598857902,12990514,#34A0FF
2024-06-25,LB.1,0.0900507655299682,12990514,#795653
2024-06-25,Recombinant,6.245021786358877e-05,12990514,#FF0000
2024-06-25,XBB,0.0,12990514,#9FA8DA
2024-06-25,XBB.1.16,0.0,12990514,#4527A0
2024-06-25,XBB.1.16.1,0.0,12990514,#F89B9B
2024-06-25,XBB.1.16.15,0.0,12990514,#E3B5FA
2024-06-25,XBB.1.16.6,0.0,12990514,#5AA350
2024-06-25,XBB.1.42.1,0.0,12990514,#75D1A3
2024-06-25,XBB.1.5,0.0,12990514,#3F51B5
2024-06-25,XBB.1.5.70,0.0,12990514,#46783C
2024-06-25,XBB.1.5.72,0.0,12990514,#254220
2024-06-25,XBB.1.9.1,0.0,12990514,#304FFE
2024-06-25,XBB.1.9.2,0.0,12990514,#536DFE
2024-06-25,XBB.2.3,0.0,12990514,#F7BCDF
2024-06-25,XDP,0.0,12990514,#B60052
2024-06-25,XDV.1,0.0,12990514,#D367B6
2024-06-25,unreportable,0.010780526552813,12990514,#eeeeee
