Variant_name,variant
BA.2.12,BA.2
BA.2.37,BA.2
BA.2.68,BA.2
BA.2.72,BA.2
BA.2.86,BA.2.86
BA.2.86.1,BA.2.86
BA.2.86.3,BA.2.86
BA.2.86.4,BA.2.86
BA.2.86.5,BA.2.86
BG.1,BA.2.12.1
EG.1.8,XBB.1.9.2
EG.10,XBB.1.9.2
EG.11,XBB.1.9.2
EG.14,XBB.1.9.2
EG.2,XBB.1.9.2
EG.2.2,XBB.1.9.2
EG.2.3,XBB.1.9.2
EG.2.4,XBB.1.9.2
EG.2.5,XBB.1.9.2
EG.4.5,XBB.1.9.2
EG.5.1,EG.5
EG.5.1.10,EG.5
EG.5.1.11,EG.5
EG.5.1.13,EG.5
EG.5.1.14,EG.5
EG.5.1.15,EG.5
EG.5.1.16,EG.5
EG.5.1.18,EG.5
EG.5.1.4,EG.5
EG.5.1.6,EG.5
EG.5.1.8,EG.5.1.8
EG.5.1.9,EG.5
EG.5.2.3,EG.5
EG.5.2.4,EG.5
EG.6,XBB.1.9.2
EG.6.1,EG.6.1
EG.8,XBB.1.9.2
EG.9,XBB.1.9.2
FE.1.1.4,FE.1.1
FE.1.1.5,FE.1.1
FE.1.2,XBB
FL.1.4,XBB.1.9.1
FL.1.5.1,FL.1.5.1
FL.1.5.2,XBB.1.9.1
FL.1.6,XBB.1.9.1
FL.1.8,XBB.1.9.1
FL.13.3.1,XBB.1.9.1
FL.13.4,XBB.1.9.1
FL.15.1,XBB.1.9.1
FL.15.1.1,XBB.1.9.1
FL.18,XBB.1.9.1
FL.2.2,XBB.1.9.1
FL.2.2.1,XBB.1.9.1
FL.2.3.1,XBB.1.9.1
FL.22,XBB.1.9.1
FL.24.1,XBB.1.9.1
FL.27,XBB.1.9.1
FL.29,XBB.1.9.1
FL.3.2,XBB.1.9.1
FL.3.3,XBB.1.9.1
FL.30,XBB.1.9.1
FL.35,XBB.1.9.1
FL.35.1,XBB.1.9.1
FL.37,XBB.1.9.1
FL.38,XBB.1.9.1
FL.4.10,XBB.1.9.1
FL.4.5,XBB.1.9.1
FL.4.6,XBB.1.9.1
FL.4.7,XBB.1.9.1
FL.4.9,XBB.1.9.1
FL.6,XBB.1.9.1
FL.7,XBB.1.9.1
FL.9,XBB.1.9.1
FP.1,XBB
FP.2.1.1,XBB
FU.5,XBB.1.16.1
FW.1,XBB
FW.3,XBB
FY.1.4.1,XBB
FY.2.1,XBB
FY.5.1,XBB
FY.5.3,XBB
FY.5.5.1,XBB
FZ.2,XBB.1.5
GA.4.1,XBB
GA.8.1,XBB
GC.1,XBB.1.5
GE.1.2.1,GE.1
GE.1.3,GE.1
GG.1,XBB.1.5
GJ.5,XBB.2.3
GK.1.1,GK.1.1
GK.1.1.1,GK.1.1
GK.1.10,XBB.1.5.70
GK.1.11.1,XBB.1.5.70
GN.3,XBB.1.5
GN.5,XBB.1.5
GV.1,XBB.1.5
GW.2,XBB
GW.3,XBB
HA.1,XBB.1.5
HD.1,XBB.1.5
HF.1,HF.1
HK.11.1,EG.5
HK.12,EG.5
HK.15,EG.5
HK.17,EG.5
HK.20,EG.5
HK.20.1,EG.5
HK.22,EG.5
HK.23,EG.5
HK.24.1,EG.5
HK.26,EG.5
HK.3.11,HK.3
HK.3.11,EG.5
HK.3.12,HK.3
HK.3.3,HK.3
HK.3.4,HK.3
HK.3.5,HK.3
HK.30,EG.5
HK.6,EG.5
HK.7,EG.5
HK.9,EG.5
HN.1,FL.1.5.1
HN.2,FL.1.5.1
HN.3,FL.1.5.1
HN.5,FL.1.5.1
HN.7,FL.1.5.1
HU.1.1,XBB
HU.2,XBB
HV.1,HV.1
HV.1.1,HV.1
HV.1.10,HV.1
HV.1.5,HV.1
HV.1.6,HV.1
HV.1.6.1,HV.1
HV.1.7,HV.1
HV.1.8,HV.1
HV.2,EG.5
HY.1,XBB.1.5
JC.2,XBB
JC.4,XBB
JD.1,XBB.1.5
JD.1.1,JD.1.1
JD.1.1.1,JD.1.1
JD.1.1.2,JD.1.1
JD.1.1.4,JD.1.1
JD.1.1.5,JD.1.1
JD.1.1.6,JD.1.1
JD.1.2.1,XBB.1.5
JD.1.2.2,XBB.1.5
JF.1,JF.1
JF.1.1,JF.1
JF.1.1.1,JF.1
JF.4,XBB.1.16.6
JG.1,EG.5
JG.3,JG.3
JG.3.1,JG.3
JG.3.2,JG.3
JG.3.4,JG.3
JJ.1,EG.5
JM.2,XBB.1.16.15
JN.1,JN.1
JN.1.1,JN.1
JN.1.1.1,JN.1
JN.1.1.2,JN.1
JN.1.1.3,JN.1
JN.1.1.4,JN.1
JN.1.1.5,JN.1
JN.1.1.6,JN.1
JN.1.1.7,JN.1
JN.1.10,JN.1
JN.1.11,JN.1
JN.1.11.1,JN.1.11.1
JN.1.12,JN.1
JN.1.13,JN.1.13
JN.1.13.1,JN.1.13.1
JN.1.14,JN.1
JN.1.15,JN.1
JN.1.16,JN.1.16
JN.1.16.1,JN.1.16.1
JN.1.16.2,JN.1.16
JN.1.17,JN.1
JN.1.18,JN.1.18
JN.1.18.1,JN.1.18
JN.1.18.2,JN.1.18
JN.1.18.3,JN.1.18
JN.1.18.4,JN.1.18
JN.1.19,JN.1
JN.1.2,JN.1
JN.1.2.1,JN.1
JN.1.20,JN.1
JN.1.21,JN.1
JN.1.22,JN.1
JN.1.23,JN.1
JN.1.24,JN.1
JN.1.24.1,JN.1
JN.1.25,JN.1
JN.1.25.1,JN.1
JN.1.26,JN.1
JN.1.27,JN.1
JN.1.28,JN.1
JN.1.28.1,JN.1
JN.1.29,JN.1
JN.1.29.1,JN.1
JN.1.3,JN.1
JN.1.30,JN.1
JN.1.30.1,JN.1
JN.1.31,JN.1
JN.1.32,JN.1.32
JN.1.32.1,JN.1.32
JN.1.33,JN.1
JN.1.34,JN.1
JN.1.35,JN.1
JN.1.36,JN.1
JN.1.36.1,JN.1
JN.1.37,JN.1
JN.1.38,JN.1
JN.1.39,JN.1
JN.1.39.1,JN.1
JN.1.39.2,JN.1
JN.1.39.3,JN.1
JN.1.4,JN.1
JN.1.4.1,JN.1
JN.1.4.2,JN.1
JN.1.4.3,JN.1.4.3
JN.1.4.4,JN.1
JN.1.4.5,JN.1
JN.1.4.6,JN.1
JN.1.4.7,JN.1
JN.1.4.8,JN.1
JN.1.40,JN.1
JN.1.41,JN.1
JN.1.42,JN.1
JN.1.42.1,JN.1
JN.1.42.2,JN.1
JN.1.43,JN.1
JN.1.43.1,JN.1
JN.1.44,JN.1
JN.1.44.1,JN.1
JN.1.45,JN.1
JN.1.46,JN.1
JN.1.47,JN.1
JN.1.47.1,JN.1
JN.1.47.2,JN.1
JN.1.48,JN.1
JN.1.48.1,JN.1
JN.1.48.2,JN.1
JN.1.49,JN.1
JN.1.49.1,JN.1
JN.1.49.2,JN.1
JN.1.5,JN.1
JN.1.51,JN.1
JN.1.51.1,JN.1
JN.1.52,JN.1
JN.1.53,JN.1
JN.1.53.1,JN.1
JN.1.54,JN.1
JN.1.54.1,JN.1
JN.1.55,JN.1
JN.1.55.1,JN.1
JN.1.55.2,JN.1
JN.1.56,JN.1
JN.1.56.1,JN.1
JN.1.57.1,JN.1
JN.1.58,JN.1
JN.1.58.1,JN.1
JN.1.58.2,JN.1
JN.1.6,JN.1
JN.1.6.1,JN.1
JN.1.7,JN.1.7
JN.1.7.1,JN.1.7
JN.1.7.2,JN.1.7
JN.1.7.3,JN.1.7
JN.1.7.4,JN.1.7
JN.1.7.5,JN.1.7
JN.1.7.6,JN.1.7
JN.1.8,JN.1
JN.1.8.1,JN.1.8.1
JN.1.8.2,JN.1
JN.1.8.3,JN.1
JN.1.8.4,JN.1
JN.1.9,JN.1
JN.1.9.1,JN.1
JN.1.9.2,JN.1
JN.10,BA.2.86
JN.11,BA.2.86
JN.13,BA.2.86
JN.18,BA.2.86
JN.19,BA.2.86
JN.2,BA.2.86
JN.2.1,BA.2.86
JN.2.2.1,BA.2.86
JN.2.4,BA.2.86
JN.2.5,BA.2.86
JN.3,BA.2.86
JN.3.1,BA.2.86
JN.3.2.1,BA.2.86
JN.4,BA.2.86
JN.5,BA.2.86
JN.7,BA.2.86
JN.8,BA.2.86
JN.9,BA.2.86
JQ.1,BA.2.86
JQ.2,BA.2.86
JQ.2.1,BA.2.86
JQ.2.1.1,BA.2.86
JR.1,EG.5
JR.1.1,EG.5
JZ.1,XBB.1.5
KB.1,EG.5.1.8
KB.3,EG.5.1.8
KC.1,XBB.1.9.1
KF.2,XBB.1.9.1
KJ.1,XBB.1.16
KP.1,JN.1.11.1
KP.1.1,KP.1.1
KP.1.1.1,KP.1.1
KP.1.1.2,KP.1.1
KP.1.1.3,KP.1.1.3
KP.1.2,KP.1.2
KP.2,KP.2
KP.2.1,KP.2
KP.2.10,KP.2
KP.2.11,KP.2
KP.2.12,KP.2
KP.2.13,KP.2
KP.2.14,KP.2
KP.2.15,KP.2.15
KP.2.2,KP.2
KP.2.3,KP.2.3
KP.2.3.1,KP.2.3
KP.2.4,KP.2
KP.2.5,KP.2
KP.2.6,KP.2
KP.2.7,KP.2
KP.2.8,KP.2
KP.2.9,KP.2
KP.3,KP.3
KP.3.1,KP.3
KP.3.1.1,KP.3.1.1
KP.3.2,KP.3
KP.3.2.1,KP.3
KP.3.2.2,KP.3
KP.3.3,KP.3
KP.4,JN.1.11.1
KP.4.1,KP.4.1
KP.4.2,JN.1.11.1
KP.4.2.1,JN.1.11.1
KP.4.2.2,JN.1.11.1
KP.5,JN.1.11.1
KQ.1,KQ.1
KR.1,JN.1
KR.1.1,JN.1
KR.1.2,JN.1
KR.2,JN.1
KR.4,JN.1
KS.1,JN.1.13.1
KS.1.1,JN.1.13.1
KS.1.2,JN.1.13.1
KT.1.1,GE.1
KU.1,JN.1
KU.2,JN.1
KV.1,JN.1
KV.2,KV.2
KW.1,JN.1
KW.1.1,KW.1.1
KW.1.1.1,KW.1.1
KY.1,JN.1
KZ.1,JN.1
LA.1,JN.1.16
LA.2,JN.1.16
LB.1,LB.1
LC.1,JN.1
LD.1,JN.1
LE.1,JN.1
LE.1.1,JN.1
LE.1.2,JN.1
LF.1,JN.1.16.1
LF.1.1,JN.1.16.1
LF.2,JN.1.16.1
LF.3,JN.1.16.1
LG.1,KW.1.1
LH.1,JN.1.18
LH.2,JN.1.18
LJ.1,JN.1
LK.1,JN.1.7
LL.1,JN.1
XAJ,Recombinant
XBB.1.15.1,XBB
XBB.1.16.12,XBB.1.16
XBB.1.16.18,XBB.1.16
XBB.1.16.24,XBB.1.16
XBB.1.16.25,XBB.1.16
XBB.1.16.26,XBB.1.16
XBB.1.16.27,XBB.1.16
XBB.1.16.6,XBB.1.16.6
XBB.1.19,XBB
XBB.1.21,XBB
XBB.1.22,XBB
XBB.1.22.3,XBB
XBB.1.24.2,XBB
XBB.1.27,XBB
XBB.1.34,XBB
XBB.1.37.1,XBB
XBB.1.41,XBB
XBB.1.41.2,XBB
XBB.1.42,XBB
XBB.1.42.1,XBB.1.42.1
XBB.1.45.1,XBB
XBB.1.48,XBB
XBB.1.5.100,XBB.1.5
XBB.1.5.105,XBB.1.5
XBB.1.5.109,XBB.1.5
XBB.1.5.23,XBB.1.5
XBB.1.5.27,XBB.1.5
XBB.1.5.31,XBB.1.5
XBB.1.5.33,XBB.1.5
XBB.1.5.43,XBB.1.5
XBB.1.5.57,XBB.1.5
XBB.1.5.72,XBB.1.5.72
XBB.1.5.75,XBB.1.5
XBB.1.5.82,XBB.1.5
XBB.1.9.6,XBB
XBB.2.10,XBB
XBB.2.3,XBB.2.3
XBB.2.4,XBB
XBB.2.9,XBB
XBB.3.1,XBB
XBL.1,Recombinant
XCM,Recombinant
XCP,Recombinant
XCV,Recombinant
XCY,Recombinant
XDA,Recombinant
XDA.1,Recombinant
XDD,Recombinant
XDD.1,Recombinant
XDD.1.1,Recombinant
XDD.2,Recombinant
XDF,Recombinant
XDH,Recombinant
XDJ,Recombinant
XDK,Recombinant
XDK.1,Recombinant
XDK.1.1,Recombinant
XDK.1.2,Recombinant
XDK.3,Recombinant
XDK.5,Recombinant
XDL,Recombinant
XDN,Recombinant
XDP,XDP
XDP.1,XDP
XDQ,Recombinant
XDQ.1,Recombinant
XDR,Recombinant
XDR.1,Recombinant
XDV,Recombinant
XDV.1,XDV.1
unreportable,unreportable
